"STCNTY","Num_Alt_Services","Num_Mainstream_Services","Financial_Accessibility_County"
"72001",0,1,1
"72141",0,1,1
"72003",0,2,2
"72005",10,7,-3
"72093",0,1,1
"72121",0,1,1
"72153",0,4,4
"72011",0,1,1
"72013",4,5,1
"72017",0,2,2
"72054",0,1,1
"72023",0,2,2
"72111",0,2,2
"72113",13,15,2
"72027",0,1,1
"72081",0,1,1
"72039",0,1,1
"72091",0,6,6
"72051",0,3,3
"72143",0,1,1
"72055",0,0,-1745
"72079",0,1,1
"72059",0,1,1
"72065",0,2,2
"72067",0,1,1
"72071",0,1,1
"72073",0,1,1
"72125",0,1,1
"72083",0,1,1
"72131",0,3,3
"72145",0,4,4
"72099",0,1,1
"72117",0,1,1
"72115",0,1,1
"72097",9,12,3
"72101",0,1,1
"72007",0,1,1
"72045",0,1,1
"72057",3,3,0
"72123",0,1,1
"72009",0,2,2
"72043",0,2,2
"72095",0,1,1
"72015",0,1,1
"72075",0,2,2
"72103",0,1,1
"72047",0,1,1
"72105",3,1,-2
"72135",0,2,2
"72107",0,1,1
"72109",0,1,1
"72025",18,16,-2
"72035",0,5,5
"72061",4,14,10
"72127",80,68,-12
"72129",0,2,2
"72029",0,3,3
"72087",0,1,1
"72037",0,1,1
"72041",0,1,1
"72053",3,4,1
"72069",0,6,6
"72119",0,2,2
"72133",0,1,1
"72147",0,1,1
"72149",0,1,1
"72151",0,2,2
"72085",0,2,2
"72089",0,1,1
"72049",0,1,1
"72063",0,2,2
"72077",0,1,1
"72019",0,1,1
"72031",7,14,7
"72139",0,4,4
"72021",17,22,5
"72033",0,1,1
"72137",6,3,-3
"25013",78,33,-45
"25011",4,4,0
"25015",13,9,-4
"25027",102,84,-18
"25003",11,15,4
"25017",215,125,-90
"25009",106,61,-45
"25021",92,31,-61
"25023",82,25,-57
"25005",83,59,-24
"25025",132,54,-78
"25001",25,5,-20
"25007",0,1,1
"25019",0,8,8
"44007",110,42,-68
"44009",11,11,0
"44001",3,5,2
"44003",23,17,-6
"44005",5,5,0
"33011",59,42,-17
"33015",65,29,-36
"33013",26,10,-16
"33009",13,7,-6
"33001",8,2,-6
"33017",23,16,-7
"33003",0,1,1
"33019",6,3,-3
"33005",13,8,-5
"33007",3,5,2
"23017",10,3,-7
"23031",19,21,2
"23005",69,55,-14
"23023",3,7,4
"23001",15,18,3
"23007",0,5,5
"23011",17,23,6
"23015",3,1,-2
"23027",0,4,4
"23019",17,33,16
"23021",0,5,5
"23009",3,4,1
"23029",0,3,3
"23003",10,19,9
"23025",3,7,4
"23013",5,2,-3
"50027",0,11,11
"50017",0,1,1
"50005",0,3,3
"50023",0,12,12
"50025",3,7,4
"50003",0,5,5
"50021",6,9,3
"50007",17,23,6
"50013",0,1,1
"50011",0,3,3
"50015",0,1,1
"50001",3,3,0
"50019",0,5,5
"50009",0,2,2
"09003",177,82,-95
"09005",16,7,-9
"09013",8,5,-3
"09015",10,7,-3
"09011",34,29,-5
"36103",244,73,-171
"09009",133,64,-69
"09007",15,6,-9
"09001",143,57,-86
"34023",111,31,-80
"34017",125,21,-104
"34013",94,33,-61
"34027",74,24,-50
"34003",134,21,-113
"34031",70,12,-58
"34039",72,37,-35
"34035",46,19,-27
"34037",12,1,-11
"34025",79,19,-60
"34041",7,4,-3
"34019",7,8,1
"34033",0,5,5
"34007",86,14,-72
"34029",64,11,-53
"34005",59,20,-39
"34015",36,9,-27
"34001",45,11,-34
"34009",7,2,-5
"34011",29,9,-20
"34021",44,28,-16
"36061",566,53,-513
"36085",71,7,-64
"36005",252,7,-245
"36119",166,29,-137
"36079",5,3,-2
"36087",55,10,-45
"36071",56,22,-34
"36105",9,2,-7
"36059",300,68,-232
"36081",377,38,-339
"36047",374,29,-345
"36001",60,46,-14
"36093",20,21,1
"36035",12,4,-8
"36057",6,3,-3
"36091",35,17,-18
"36039",0,2,2
"36021",3,2,-1
"36083",16,16,0
"36095",0,2,2
"36115",4,5,1
"36041",0,3,3
"36077",5,4,-1
"36025",0,5,5
"36111",19,16,-3
"36027",38,22,-16
"36113",7,6,-1
"36031",0,4,4
"36089",13,13,0
"36019",3,17,14
"36033",0,4,4
"36067",59,57,-2
"36011",11,6,-5
"36075",19,17,-2
"36053",6,5,-1
"36017",4,6,2
"36023",6,5,-1
"36065",25,29,4
"36109",12,12,0
"36045",15,14,-1
"36117",9,4,-5
"36099",4,3,-1
"36043",3,5,2
"36049",0,3,3
"36007",34,31,-3
"36107",4,5,1
"36029",169,101,-68
"36037",6,3,-3
"36063",26,28,2
"36121",3,2,-1
"36009",11,11,0
"36003",0,6,6
"36013",18,31,13
"36073",0,4,4
"36051",4,4,0
"36055",110,76,-34
"36123",0,1,1
"36101",17,19,2
"36069",9,8,-1
"36097",0,1,1
"36015",20,14,-6
"42007",26,24,-2
"42003",209,112,-97
"42125",33,22,-11
"42051",21,10,-11
"42129",62,54,-8
"42019",28,13,-15
"42059",3,1,-2
"42111",6,5,-1
"42009",6,3,-3
"42057",0,1,1
"42005",8,7,-1
"42063",10,2,-8
"42065",8,4,-4
"42021",16,18,2
"42033",16,4,-12
"42047",3,3,0
"42053",0,2,2
"42031",3,4,1
"42023",0,1,1
"42083",5,7,2
"42013",24,15,-9
"42073",18,9,-9
"42121",7,5,-2
"42085",23,7,-16
"42039",20,8,-12
"42123",7,4,-3
"42049",49,40,-9
"42061",9,1,-8
"42027",18,10,-8
"42105",4,6,2
"42035",10,2,-8
"42117",5,3,-2
"42015",6,11,5
"42081",16,10,-6
"42087",7,3,-4
"42075",18,11,-7
"42043",41,27,-14
"42099",0,1,1
"42041",33,26,-7
"42133",50,43,-7
"42097",6,7,1
"42001",10,3,-7
"42055",23,13,-10
"42067",0,13,13
"42071",81,42,-39
"42011",53,25,-28
"42109",3,2,-1
"42029",66,32,-34
"42113",0,3,3
"42037",12,4,-8
"42093",0,5,5
"42119",0,6,6
"42079",49,43,-6
"42107",13,7,-6
"42077",61,32,-29
"42095",27,17,-10
"42025",0,1,1
"42017",112,33,-79
"42091",156,55,-101
"42089",15,6,-9
"42103",0,1,1
"42069",33,15,-18
"42127",6,20,14
"42115",4,1,-3
"42131",3,4,1
"42045",76,39,-37
"42101",186,90,-96
"10003",179,37,-142
"10001",40,15,-25
"10005",26,14,-12
"11001",98,108,10
"51107",49,11,-38
"51047",16,2,-14
"51061",5,2,-3
"51157",0,2,2
"51153",66,12,-54
"51683",6,5,-1
"51685",0,1,1
"51059",197,61,-136
"51043",0,3,3
"54037",3,2,-1
"24017",28,5,-23
"24033",139,44,-95
"24037",8,5,-3
"24009",8,2,-6
"24003",85,33,-52
"24027",31,13,-18
"24031",122,44,-78
"24021",30,7,-23
"24025",27,21,-6
"24005",156,39,-117
"24013",19,3,-16
"24510",81,22,-59
"24001",6,24,18
"24023",0,5,5
"24041",9,17,8
"24035",3,18,15
"24029",0,1,1
"24019",5,1,-4
"24011",3,2,-1
"24043",57,13,-44
"24045",17,6,-11
"24047",0,1,1
"24039",0,6,6
"24015",3,7,4
"51600",14,9,-5
"51610",11,2,-9
"51013",34,17,-17
"51179",17,5,-12
"51510",20,16,-4
"51630",9,3,-6
"51177",24,4,-20
"51033",0,2,2
"51133",0,8,8
"51137",0,3,3
"51159",0,5,5
"51193",0,6,6
"51057",3,4,1
"51097",0,1,1
"51099",4,5,1
"51103",0,11,11
"51119",0,6,6
"51085",19,3,-16
"51069",4,4,0
"51840",12,2,-10
"51187",9,3,-6
"51171",3,1,-2
"51139",0,3,3
"51113",0,2,2
"51165",4,4,0
"51660",22,10,-12
"51015",3,4,1
"51003",17,6,-11
"51540",8,6,-2
"51125",0,1,1
"51009",4,2,-2
"51079",0,1,1
"51109",3,3,0
"51065",0,1,1
"51820",8,5,-3
"51007",0,2,2
"51135",0,9,9
"51029",0,1,1
"51101",0,1,1
"51127",0,1,1
"51115",0,1,1
"51049",0,2,2
"51036",0,1,1
"51087",70,23,-47
"51075",0,1,1
"51073",5,4,-1
"51095",4,6,2
"51041",47,24,-23
"51145",0,7,7
"51760",51,18,-33
"51199",13,8,-5
"51830",3,7,4
"51001",0,2,2
"51093",3,2,-1
"51131",0,2,2
"51550",65,22,-43
"51800",19,12,-7
"51810",107,38,-69
"51710",66,26,-40
"51700",55,24,-31
"51650",35,12,-23
"51735",0,1,1
"51740",26,10,-16
"51149",0,2,2
"51053",0,6,6
"51730",9,1,-8
"51025",0,1,1
"51111",0,3,3
"51175",0,5,5
"51183",0,5,5
"51570",18,3,-15
"51181",0,1,1
"51081",0,3,3
"51595",7,1,-6
"51620",6,2,-4
"51670",4,4,0
"51147",7,1,-6
"51117",7,14,7
"51037",0,5,5
"51011",0,5,5
"51083",9,4,-5
"51031",10,4,-6
"51770",43,15,-28
"51023",0,2,2
"51161",12,14,2
"51775",7,8,1
"51035",0,1,1
"51141",0,6,6
"51089",10,2,-8
"51143",0,1,1
"51067",0,4,4
"51155",7,2,-5
"51121",15,5,-10
"51019",6,4,-2
"51163",0,1,1
"51045",0,2,2
"51063",0,4,4
"51021",0,2,2
"51005",0,1,1
"51071",0,3,3
"51690",0,1,1
"51750",0,3,3
"51520",6,2,-4
"51169",0,2,2
"51191",7,6,-1
"51195",7,14,7
"51027",0,8,8
"51051",0,7,7
"51105",0,1,1
"51167",0,1,1
"51720",0,1,1
"51077",0,7,7
"51173",3,1,-2
"51197",6,1,-5
"51185",10,29,19
"51640",0,1,1
"51790",8,2,-6
"51017",0,3,3
"51091",0,3,3
"51530",0,1,1
"51580",0,1,1
"51678",0,4,4
"51680",26,10,-16
"51515",0,0,-1745
"51590",20,9,-11
"54047",0,1,1
"54055",18,3,-15
"54109",0,6,6
"54059",0,1,1
"54025",11,1,-10
"54063",0,3,3
"54089",0,3,3
"54075",0,5,5
"54019",3,4,1
"54039",38,23,-15
"54043",0,6,6
"54087",0,6,6
"54081",17,6,-11
"54005",0,5,5
"54079",0,6,6
"54015",0,1,1
"54045",9,2,-7
"54067",0,1,1
"54007",0,7,7
"54053",0,3,3
"54035",0,2,2
"54013",0,2,2
"54105",0,2,2
"54021",0,2,2
"54003",17,6,-11
"54065",0,5,5
"54027",0,3,3
"54011",23,19,-4
"54099",0,4,4
"54009",4,2,-2
"54051",4,3,-1
"54069",9,8,-1
"54029",6,5,-1
"54103",0,1,1
"54107",19,7,-12
"54073",0,3,3
"54085",0,1,1
"54095",0,2,2
"54001",0,4,4
"54041",0,4,4
"54097",0,8,8
"54101",0,3,3
"54083",0,12,12
"54093",0,5,5
"54033",10,13,3
"54091",0,1,1
"54017",0,3,3
"54049",4,9,5
"54061",11,8,-3
"54077",0,3,3
"54023",0,4,4
"54057",0,5,5
"54031",0,1,1
"54071",0,3,3
"37059",4,5,1
"37171",19,6,-13
"37067",102,44,-58
"37169",0,2,2
"37197",3,2,-1
"37057",29,4,-25
"37097",38,6,-32
"37159",28,6,-22
"37193",18,2,-16
"37157",32,5,-27
"37001",31,10,-21
"37151",27,7,-20
"37037",3,3,0
"37125",12,2,-10
"37123",3,7,4
"37033",0,2,2
"37081",155,48,-107
"37135",10,9,-1
"37063",64,27,-37
"37145",11,4,-7
"37153",16,3,-13
"37085",9,5,-4
"37105",15,6,-9
"37101",34,8,-26
"37183",178,82,-96
"37077",4,3,-1
"37181",11,3,-8
"37069",7,1,-6
"37191",30,8,-22
"37185",0,1,1
"37195",13,4,-9
"37127",27,5,-22
"37065",8,5,-3
"37015",0,1,1
"37091",5,3,-2
"37013",7,3,-4
"37095",0,1,1
"37117",4,2,-2
"37147",47,9,-38
"37131",0,1,1
"37083",19,2,-17
"37177",0,1,1
"37079",0,1,1
"37187",0,2,2
"37029",0,1,1
"37139",12,4,-8
"37055",3,2,-1
"37053",0,2,2
"37041",0,1,1
"37143",0,1,1
"37073",0,1,1
"37167",12,2,-10
"37071",54,12,-42
"37109",8,3,-5
"37007",0,1,1
"37045",27,6,-21
"37161",12,3,-9
"37025",31,8,-23
"37119",298,62,-236
"37035",42,13,-29
"37179",33,7,-26
"37023",12,7,-5
"37149",0,1,1
"37111",5,5,0
"37051",106,19,-87
"37093",5,1,-4
"37017",6,2,-4
"37163",12,1,-11
"37047",16,3,-13
"37061",10,2,-8
"37155",36,5,-31
"37165",11,3,-8
"37129",62,15,-47
"37141",0,2,2
"37019",12,6,-6
"37133",23,17,-6
"37103",0,1,1
"37107",14,5,-9
"37137",0,1,1
"37031",7,4,-3
"37049",20,8,-12
"37003",6,1,-5
"37027",14,5,-9
"37011",0,1,1
"37189",3,2,-1
"37009",3,1,-2
"37005",0,1,1
"37021",64,26,-38
"37075",0,1,1
"37173",0,1,1
"37089",23,10,-13
"37121",3,1,-2
"37099",0,4,4
"37175",3,5,2
"37199",0,1,1
"37087",16,6,-10
"37113",6,2,-4
"37115",0,1,1
"37039",0,3,3
"37043",0,1,1
"45027",10,1,-9
"45085",47,11,-36
"45009",5,9,4
"45003",65,11,-54
"45063",138,26,-112
"45081",3,1,-2
"45025",16,3,-13
"45055",22,8,-14
"45061",4,1,-3
"45023",11,4,-7
"45039",7,1,-6
"45079",144,54,-90
"45035",46,8,-38
"45075",42,5,-37
"45017",3,3,0
"45087",10,1,-9
"45071",23,1,-22
"45089",12,1,-11
"45057",27,9,-18
"45015",65,16,-49
"45031",27,7,-20
"45029",20,1,-19
"45041",79,17,-62
"45037",3,1,-2
"45047",26,9,-17
"45059",20,3,-17
"45083",119,17,-102
"45021",28,2,-26
"45045",209,39,-170
"45019",156,28,-128
"45043",21,5,-16
"45051",130,6,-124
"45069",14,1,-13
"45067",11,11,0
"45033",20,7,-13
"45007",65,12,-53
"45077",27,5,-22
"45001",7,2,-5
"45065",0,2,2
"45073",19,1,-18
"45091",90,19,-71
"45005",0,3,3
"45011",10,2,-8
"45013",34,8,-26
"45053",6,4,-2
"45049",7,5,-2
"13089",195,25,-170
"13057",49,6,-43
"13117",46,4,-42
"13121",378,55,-323
"13067",278,31,-247
"13013",17,1,-16
"13135",297,27,-270
"13247",36,3,-33
"13297",26,3,-23
"13217",26,12,-14
"13159",0,2,2
"13211",7,6,-1
"13015",30,6,-24
"13223",22,7,-15
"13115",29,7,-22
"13129",18,1,-17
"13233",17,3,-14
"13055",6,1,-5
"13097",44,5,-39
"13227",4,1,-3
"13045",44,2,-42
"13149",0,1,1
"13143",7,7,0
"13085",0,1,1
"01019",5,2,-3
"13123",8,6,-2
"13171",0,2,2
"13207",4,2,-2
"13293",10,7,-3
"13113",22,7,-15
"13255",32,1,-31
"13231",0,6,6
"13063",100,7,-93
"13035",4,2,-2
"13285",34,2,-32
"13199",3,5,2
"13077",43,6,-37
"13151",55,10,-45
"13107",5,1,-4
"13209",0,3,3
"13175",23,2,-21
"13271",0,1,1
"13309",0,1,1
"13163",3,7,4
"13167",0,2,2
"13303",4,5,1
"13031",22,4,-18
"13109",3,6,3
"13267",4,8,4
"13043",0,6,6
"13165",0,3,3
"13033",9,8,-1
"13251",0,7,7
"13183",0,1,1
"13279",14,11,-3
"13103",4,3,-1
"13283",0,2,2
"13139",64,8,-56
"13011",0,1,1
"13137",12,4,-8
"13257",6,8,2
"13111",10,1,-9
"13291",0,5,5
"13147",5,1,-4
"13157",8,1,-7
"13119",4,2,-2
"13241",4,1,-3
"13187",7,6,-1
"13311",6,1,-5
"13195",0,7,7
"13281",0,1,1
"13059",47,6,-41
"13219",8,2,-6
"13221",0,2,2
"13105",6,1,-5
"13237",7,1,-6
"13265",0,1,1
"13317",4,5,1
"13133",3,7,4
"13181",0,2,2
"13141",0,1,1
"13213",7,1,-6
"13047",11,5,-6
"13295",5,5,0
"13313",34,2,-32
"13083",0,4,4
"13073",21,10,-11
"13189",12,1,-11
"13245",79,15,-64
"13301",0,1,1
"13125",0,1,1
"13315",0,4,4
"13319",0,3,3
"13153",49,13,-36
"13269",0,2,2
"13093",0,3,3
"13079",0,1,1
"13225",10,1,-9
"13091",6,1,-5
"13023",0,3,3
"13289",0,1,1
"13081",12,1,-11
"13021",80,23,-57
"13235",3,3,0
"13193",3,1,-2
"13009",17,4,-13
"13169",0,1,1
"13197",0,2,2
"13017",7,5,-2
"13179",21,3,-18
"13051",105,24,-81
"13191",0,1,1
"13029",0,2,2
"13299",18,3,-15
"13025",0,1,1
"13005",3,3,0
"13161",3,1,-2
"13229",0,1,1
"13069",12,2,-10
"13001",6,1,-5
"13305",13,5,-8
"13127",34,7,-27
"13039",14,5,-9
"13049",3,1,-2
"13003",0,3,3
"13185",38,14,-24
"13027",0,1,1
"13075",3,1,-2
"13019",3,4,1
"13065",0,2,2
"13275",22,5,-17
"13101",0,0,-1745
"13173",0,1,1
"13071",17,2,-15
"13277",25,2,-23
"13095",48,6,-42
"13177",0,2,2
"13205",0,2,2
"13321",3,5,2
"13261",15,1,-14
"13287",0,3,3
"13007",0,1,1
"13273",0,3,3
"13087",17,3,-14
"13155",0,3,3
"13131",10,1,-9
"13307",0,1,1
"13215",110,11,-99
"13263",0,3,3
"13249",0,1,1
"13145",0,3,3
"13053",3,1,-2
"13259",0,2,2
"01113",26,3,-23
"12019",35,18,-17
"12029",0,4,4
"12041",0,6,6
"12067",0,3,3
"12121",9,2,-7
"12089",9,10,1
"12023",11,6,-5
"12007",6,3,-3
"12109",36,14,-22
"12003",3,2,-1
"12107",12,4,-8
"12047",0,1,1
"12125",0,1,1
"12079",0,2,2
"12031",267,109,-158
"12069",45,12,-33
"12127",94,31,-63
"12035",10,4,-6
"12083",67,19,-48
"12119",11,8,-3
"12073",55,37,-18
"12037",0,1,1
"12077",0,1,1
"12039",7,2,-5
"12129",0,3,3
"12065",0,1,1
"12123",0,4,4
"12005",47,25,-22
"12131",10,4,-6
"12063",9,5,-4
"12133",0,3,3
"12013",0,1,1
"12059",0,1,1
"12045",0,3,3
"12033",73,39,-34
"12113",33,16,-17
"12091",48,16,-32
"12001",45,31,-14
"12075",5,2,-3
"12117",116,30,-86
"12095",317,72,-245
"12009",121,47,-74
"12061",23,9,-14
"12087",5,8,3
"12011",588,61,-527
"12086",775,82,-693
"12099",328,27,-301
"12085",25,3,-22
"12051",7,2,-5
"12043",0,1,1
"12057",343,83,-260
"12053",25,5,-20
"12101",74,26,-48
"12081",56,9,-47
"12103",225,41,-184
"12105",130,29,-101
"12049",0,2,2
"12055",7,5,-2
"12097",80,9,-71
"12071",139,27,-112
"12015",27,8,-19
"12021",51,13,-38
"12115",80,13,-67
"12027",5,2,-3
"12017",26,4,-22
"12111",55,8,-47
"12093",7,1,-6
"01115",27,7,-20
"01073",225,74,-151
"01125",64,35,-29
"01127",37,3,-34
"01117",68,28,-40
"01037",0,1,1
"01051",25,8,-17
"01123",13,2,-11
"01009",9,1,-8
"01121",44,9,-35
"01043",31,5,-26
"01095",52,8,-44
"01103",63,17,-46
"01007",7,7,0
"01105",0,3,3
"01021",22,5,-17
"01133",0,2,2
"01027",0,5,5
"01015",60,19,-41
"01065",0,3,3
"01063",0,1,1
"01107",0,2,2
"01119",0,1,1
"01057",0,2,2
"01093",11,2,-9
"01075",0,1,1
"01059",13,3,-10
"01079",0,4,4
"01077",41,17,-24
"01083",27,8,-19
"01033",34,15,-19
"01089",115,33,-82
"01071",11,4,-7
"01049",19,5,-14
"01055",46,7,-39
"01001",23,6,-17
"01005",11,1,-10
"01011",0,2,2
"01109",15,3,-12
"01031",25,5,-20
"01041",0,5,5
"01045",13,7,-6
"01101",81,29,-52
"01067",0,8,8
"01039",21,6,-15
"01087",0,3,3
"01013",11,2,-9
"01085",0,4,4
"01035",0,3,3
"01099",9,2,-7
"01029",0,5,5
"01111",5,1,-4
"01017",12,1,-11
"01061",0,1,1
"01069",46,16,-30
"01053",23,3,-20
"01131",0,3,3
"01025",36,5,-31
"01003",67,20,-47
"01097",150,49,-101
"01129",0,3,3
"01023",0,2,2
"01047",20,3,-17
"01091",6,2,-4
"01081",50,9,-41
"47125",62,12,-50
"47147",19,7,-12
"47041",3,7,4
"47159",0,9,9
"47189",38,3,-35
"47037",206,48,-158
"47149",80,22,-58
"47187",45,8,-37
"47021",5,1,-4
"47043",26,2,-24
"47015",0,4,4
"47003",11,2,-9
"47031",29,5,-24
"47117",8,2,-6
"47111",7,10,3
"47165",44,8,-36
"47169",0,2,2
"47161",0,1,1
"47081",0,5,5
"47055",9,1,-8
"47103",8,1,-7
"47083",0,3,3
"47085",3,3,0
"47119",29,5,-24
"47135",0,3,3
"47181",0,1,1
"47061",0,6,6
"47175",0,1,1
"47177",22,1,-21
"47127",0,1,1
"47087",0,2,2
"47027",0,2,2
"47065",115,44,-71
"47107",21,6,-15
"47051",12,1,-11
"47139",0,1,1
"47121",0,1,1
"47011",47,13,-34
"47007",0,2,2
"47143",12,1,-11
"47153",0,7,7
"47123",11,3,-8
"47035",18,2,-16
"47115",4,1,-3
"47019",16,4,-12
"47171",4,1,-3
"47179",47,22,-25
"47059",18,9,-9
"47163",66,21,-45
"47091",8,5,-3
"47073",5,8,3
"47009",39,13,-26
"47001",8,13,5
"47173",0,2,2
"47057",0,1,1
"47093",132,67,-65
"47063",28,8,-20
"47029",16,1,-15
"47013",10,3,-7
"47025",6,1,-5
"47129",0,2,2
"47155",23,5,-18
"47089",7,2,-5
"47049",3,1,-2
"47067",0,2,2
"47151",0,6,6
"47105",13,6,-7
"47145",13,6,-7
"47033",0,11,11
"47047",3,17,14
"47157",297,85,-212
"47167",12,2,-10
"47075",7,5,-2
"47113",52,12,-40
"47045",15,1,-14
"47069",8,11,3
"47097",4,11,7
"47023",3,9,6
"47109",4,1,-3
"47053",25,1,-24
"47095",0,2,2
"21075",0,5,5
"47131",18,1,-17
"47017",3,1,-2
"47079",22,1,-21
"47183",4,2,-2
"47005",0,1,1
"47071",9,2,-7
"47039",3,7,4
"47077",8,1,-7
"28141",0,8,8
"47099",17,13,-4
"47101",4,5,1
"47133",6,5,-1
"47141",27,6,-21
"47185",3,8,5
"47137",0,2,2
"28071",11,3,-8
"28009",0,3,3
"28139",5,9,4
"28107",18,1,-17
"28119",0,4,4
"28145",10,1,-9
"28033",64,5,-59
"28093",5,12,7
"28011",13,5,-8
"28027",7,1,-6
"28137",9,10,1
"28143",3,4,1
"28135",0,4,4
"28003",19,2,-17
"28151",17,3,-14
"28055",0,1,1
"28125",0,4,4
"28133",6,3,-3
"28083",15,2,-13
"28053",0,4,4
"05041",0,10,10
"28081",53,5,-48
"28115",8,9,1
"28057",7,5,-2
"28095",17,4,-13
"28117",5,1,-4
"28013",4,7,3
"28017",4,1,-3
"28015",0,3,3
"28043",17,2,-15
"28155",3,5,2
"28161",0,5,5
"28051",0,8,8
"28097",5,6,1
"28163",7,1,-6
"28049",66,30,-36
"28121",44,10,-34
"28129",3,4,1
"28127",10,2,-8
"28089",35,7,-28
"28007",7,6,-1
"28079",6,8,2
"28099",11,2,-9
"28101",9,1,-8
"28123",18,1,-17
"28029",6,13,7
"28063",0,1,1
"28021",0,1,1
"28019",0,2,2
"28159",10,1,-9
"28031",0,9,9
"28065",0,3,3
"28001",8,3,-5
"28077",0,2,2
"28149",18,6,-12
"28067",31,5,-26
"28085",19,1,-18
"28023",3,1,-2
"28075",55,6,-49
"28069",0,3,3
"28153",15,1,-14
"28061",0,7,7
"28103",0,2,2
"28041",0,1,1
"28035",33,10,-23
"28073",19,3,-16
"28091",13,2,-11
"28111",0,1,1
"28045",15,4,-11
"28109",29,2,-27
"28039",8,1,-7
"28059",44,19,-25
"28131",0,1,1
"28147",3,2,-1
"28047",90,26,-64
"28037",0,4,4
"28005",0,4,4
"28157",0,3,3
"28113",34,3,-31
"28087",29,8,-21
"28025",8,2,-6
"28105",22,2,-20
"13037",0,2,2
"13099",0,2,2
"13201",0,3,3
"13061",0,2,2
"13253",0,1,1
"13243",0,3,3
"13239",0,1,1
"21073",10,5,-5
"21211",18,1,-17
"21179",8,2,-6
"21041",0,6,6
"21223",0,2,2
"21103",0,8,8
"21215",0,3,3
"21155",3,9,6
"21217",5,1,-4
"21185",6,1,-5
"21029",8,5,-3
"21111",202,62,-140
"21229",0,4,4
"21005",4,1,-3
"21093",28,10,-18
"21123",0,1,1
"21163",0,2,2
"21027",0,6,6
"21085",4,1,-3
"21183",4,7,3
"21167",0,1,1
"21017",0,7,7
"21181",0,1,1
"21201",0,1,1
"21197",0,1,1
"21205",6,1,-5
"21165",0,1,1
"21209",13,3,-10
"21021",13,1,-12
"21045",0,7,7
"21011",0,7,7
"21173",7,14,7
"21065",0,3,3
"21129",0,3,3
"21113",7,1,-6
"21239",0,2,2
"21043",0,9,9
"21063",0,2,2
"21049",7,1,-6
"21187",0,2,2
"21067",74,24,-50
"21097",0,4,4
"21151",32,2,-30
"21175",0,6,6
"21109",0,4,4
"21079",0,5,5
"21203",0,6,6
"21137",0,7,7
"21199",22,1,-21
"21189",0,1,1
"21051",4,3,-1
"21121",13,11,-2
"21125",16,3,-13
"21235",12,1,-11
"21147",3,3,0
"21095",7,8,1
"21131",0,4,4
"21013",6,1,-5
"21133",0,1,1
"21193",10,14,4
"21037",15,2,-13
"21023",0,4,4
"21081",0,6,6
"21191",0,5,5
"21015",45,5,-40
"21117",27,5,-22
"21161",9,11,2
"21069",0,8,8
"21077",0,3,3
"21135",0,6,6
"21019",20,8,-12
"21089",0,2,2
"21127",0,5,5
"21159",0,3,3
"21115",4,7,3
"21071",5,1,-4
"21025",0,4,4
"21237",0,2,2
"21119",0,3,3
"21153",3,4,1
"21195",16,23,7
"21145",25,11,-14
"21035",11,3,-8
"21039",0,5,5
"21105",0,2,2
"21007",0,2,2
"21083",3,3,0
"21157",0,2,2
"21139",0,1,1
"21055",0,1,1
"21033",4,6,2
"21143",0,4,4
"21031",0,4,4
"21061",0,2,2
"21227",30,7,-23
"21213",4,7,3
"21003",0,1,1
"21009",6,3,-3
"21169",0,5,5
"21099",0,6,6
"21001",0,11,11
"21057",0,2,2
"21171",0,8,8
"21141",4,1,-3
"21219",0,8,8
"21221",0,6,6
"21087",0,3,3
"21047",25,6,-19
"21177",3,2,-1
"21059",32,9,-23
"21101",11,4,-7
"21149",0,5,5
"21091",0,2,2
"21225",0,1,1
"21233",0,9,9
"21107",14,5,-9
"21231",0,1,1
"21207",0,11,11
"21053",0,4,4
"39089",35,9,-26
"39049",344,66,-278
"39041",33,7,-26
"39117",3,1,-2
"39083",6,2,-4
"39031",4,1,-3
"39075",0,20,20
"39021",9,2,-7
"39023",32,9,-23
"39159",5,4,-1
"39139",32,9,-23
"39097",4,10,6
"39045",32,3,-29
"39091",4,5,1
"39127",0,12,12
"39141",11,7,-4
"39073",3,1,-2
"39129",10,1,-9
"39047",0,9,9
"39163",0,2,2
"39057",24,18,-6
"39033",3,2,-1
"39101",10,5,-5
"39065",5,6,1
"39063",14,8,-6
"39147",0,5,5
"39175",0,2,2
"39011",9,3,-6
"39173",16,11,-5
"39143",10,8,-2
"39123",0,5,5
"39095",98,52,-46
"39043",15,5,-10
"39171",0,3,3
"39051",4,19,15
"39069",3,1,-2
"39039",15,2,-13
"39125",0,1,1
"39137",0,2,2
"39119",19,3,-16
"39121",0,1,1
"39013",18,3,-15
"39111",0,2,2
"39059",7,2,-5
"39115",0,5,5
"39009",0,4,4
"39157",18,7,-11
"39167",15,5,-10
"39067",0,6,6
"39081",9,7,-2
"39019",0,8,8
"39029",23,3,-20
"39093",63,21,-42
"39007",20,9,-11
"39035",283,79,-204
"39055",7,2,-5
"39085",49,16,-33
"39153",130,29,-101
"39155",52,15,-37
"39103",14,7,-7
"39133",24,2,-22
"39151",81,37,-44
"39169",13,6,-7
"39005",4,3,-1
"39099",43,12,-31
"39077",11,4,-7
"39061",203,67,-136
"39017",82,23,-59
"39135",0,2,2
"39113",133,49,-84
"39165",40,14,-26
"18047",0,6,6
"39027",3,1,-2
"39015",3,2,-1
"39025",45,10,-35
"39071",0,1,1
"39131",3,4,1
"39001",0,11,11
"39149",3,3,0
"39037",11,1,-10
"39109",8,4,-4
"39107",6,2,-4
"39079",11,3,-8
"39145",18,9,-9
"39053",11,1,-10
"39087",16,1,-15
"39105",3,8,5
"39003",24,13,-11
"39161",0,1,1
"18035",19,16,-3
"18095",31,7,-24
"18057",59,16,-43
"18159",0,3,3
"18011",8,2,-6
"18023",3,3,0
"18107",6,3,-3
"18053",13,14,1
"18059",6,2,-4
"18015",0,1,1
"18157",39,19,-20
"18067",25,10,-15
"18097",256,66,-190
"18063",24,8,-16
"18139",0,1,1
"18133",3,1,-2
"18081",30,11,-19
"18109",10,22,12
"18145",7,3,-4
"18065",9,2,-7
"18119",0,1,1
"18005",15,9,-6
"18041",6,3,-3
"18121",0,6,6
"18105",23,11,-12
"18031",0,2,2
"18013",0,1,1
"18127",23,15,-8
"18089",86,39,-47
"18073",0,1,1
"18111",0,10,10
"18091",22,16,-6
"18131",0,7,7
"18149",0,6,6
"18099",5,7,2
"18085",13,7,-6
"18141",55,39,-16
"18039",38,25,-13
"18049",0,3,3
"18087",5,2,-3
"18113",3,4,1
"18183",4,5,1
"18069",0,7,7
"18169",0,7,7
"18151",4,4,0
"18003",97,63,-34
"18033",6,9,3
"18001",3,4,1
"18179",0,4,4
"18103",0,4,4
"18017",4,4,0
"18009",0,1,1
"18181",0,2,2
"18029",7,2,-5
"18115",0,2,2
"18161",0,1,1
"18137",4,1,-3
"18155",0,2,2
"18077",0,4,4
"18071",6,2,-4
"18143",4,2,-2
"18019",27,9,-18
"18043",14,6,-8
"18175",9,1,-8
"18117",3,2,-1
"18061",7,11,4
"18025",0,2,2
"18123",3,1,-2
"18079",6,1,-5
"18093",9,4,-5
"18075",5,4,-1
"18135",4,2,-2
"18177",19,12,-7
"18055",3,2,-1
"18021",3,2,-1
"18037",4,2,-2
"18101",0,3,3
"18153",0,1,1
"18027",3,4,1
"18083",3,1,-2
"18147",0,2,2
"18173",3,8,5
"18125",0,1,1
"18051",8,3,-5
"18129",4,8,4
"18163",57,32,-25
"18167",25,8,-17
"18165",0,5,5
"18171",0,4,4
"18007",0,6,6
"18045",0,3,3
"26147",27,10,-17
"26087",5,7,2
"26099",125,74,-51
"26125",252,126,-126
"26151",5,2,-3
"26163",253,137,-116
"26161",30,33,3
"26115",13,7,-6
"26093",20,8,-12
"26075",20,23,3
"26091",10,9,-1
"26049",79,49,-30
"26063",5,3,-2
"26155",0,8,8
"26145",28,44,16
"26157",4,9,5
"26017",22,24,2
"26011",0,3,3
"26051",0,1,1
"26129",0,4,4
"26111",6,5,-1
"26057",0,6,6
"26035",4,2,-2
"26073",5,7,2
"26119",0,3,3
"26135",0,3,3
"26143",0,4,4
"26133",0,2,2
"26001",0,4,4
"26039",0,2,2
"26069",0,7,7
"26007",0,11,11
"26037",5,9,4
"26067",7,7,0
"26081",94,91,-3
"26117",0,8,8
"26025",18,25,7
"26045",11,13,2
"26065",41,31,-10
"26015",0,6,6
"26107",5,3,-2
"26077",30,47,17
"26159",0,13,13
"26005",7,8,1
"26023",0,4,4
"26149",4,8,4
"26021",19,27,8
"26027",3,3,0
"26059",0,2,2
"26121",31,29,-2
"26123",4,4,0
"26085",0,3,3
"26139",28,29,1
"26105",3,3,0
"26127",0,1,1
"26113",0,2,2
"26165",3,5,2
"26009",0,2,2
"26079",0,2,2
"26019",0,1,1
"26101",0,5,5
"26055",8,17,9
"26089",0,1,1
"26031",0,5,5
"26047",3,7,4
"26141",0,4,4
"26033",0,12,12
"26029",0,3,3
"26097",0,4,4
"26137",0,4,4
"26095",0,1,1
"26043",0,3,3
"26061",3,2,-1
"26083",0,1,1
"26003",0,3,3
"26041",3,9,6
"26109",0,6,6
"26103",0,12,12
"26153",3,2,-1
"26013",0,1,1
"26071",0,4,4
"26131",0,2,2
"26053",0,2,2
"19181",0,2,2
"19001",0,9,9
"19077",0,9,9
"19049",5,6,1
"19127",5,4,-1
"19069",0,8,8
"19083",0,2,2
"19153",132,57,-75
"19185",0,4,4
"19169",11,10,-1
"19015",0,1,1
"19009",0,5,5
"19029",0,1,1
"19165",0,1,1
"19073",0,9,9
"19123",0,1,1
"19157",0,2,2
"19099",5,1,-4
"19121",0,1,1
"19079",0,1,1
"19197",0,1,1
"19125",4,2,-2
"19135",0,1,1
"19117",0,1,1
"19027",0,1,1
"19053",0,5,5
"19159",0,4,4
"19175",0,1,1
"19107",0,9,9
"19171",0,1,1
"19039",0,5,5
"19095",0,9,9
"19187",3,7,4
"19033",0,6,6
"19081",0,7,7
"19109",0,1,1
"19189",0,1,1
"19131",0,7,7
"19023",0,10,10
"19067",0,1,1
"19195",0,5,5
"19089",0,5,5
"19021",0,1,1
"19151",0,10,10
"19063",0,2,2
"19041",0,2,2
"19147",0,8,8
"19091",0,1,1
"19161",0,14,14
"19025",0,10,10
"19075",0,11,11
"19037",0,11,11
"19043",0,14,14
"19065",3,1,-2
"19019",0,2,2
"19013",25,30,5
"19017",0,2,2
"19011",0,13,13
"19055",0,1,1
"19003",0,3,3
"19173",0,6,6
"19137",0,7,7
"19145",0,1,1
"19149",0,1,1
"46127",0,1,1
"19035",0,1,1
"19167",0,20,20
"19193",26,10,-16
"19093",0,1,1
"19141",0,1,1
"19133",0,11,11
"19047",0,3,3
"19119",0,11,11
"19143",0,5,5
"19059",0,1,1
"27063",0,1,1
"19155",16,10,-6
"19129",0,6,6
"19085",0,14,14
"31021",0,6,6
"19071",0,6,6
"29005",0,4,4
"19061",13,24,11
"19097",3,1,-2
"19105",0,1,1
"19045",0,10,10
"19005",0,9,9
"19191",0,1,1
"19183",3,1,-2
"19113",36,31,-5
"19103",6,10,4
"19031",0,12,12
"19179",0,9,9
"19101",3,1,-2
"19177",0,8,8
"19051",0,1,1
"29199",0,4,4
"19007",0,2,2
"19057",4,4,0
"19111",5,6,1
"19115",4,7,3
"19087",0,2,2
"29045",0,8,8
"19139",6,5,-1
"19163",42,26,-16
"55117",18,19,1
"55131",18,9,-9
"55027",8,5,-3
"55089",6,5,-1
"55133",88,37,-51
"55039",15,9,-6
"55015",4,11,7
"55071",12,17,5
"55055",15,12,-3
"55059",19,10,-9
"55101",38,16,-22
"55127",17,8,-9
"55079",176,57,-119
"55105",38,17,-21
"55045",6,3,-3
"55049",0,2,2
"55065",0,11,11
"55025",93,67,-26
"55023",0,1,1
"55043",11,5,-6
"55103",6,2,-4
"55021",6,2,-4
"55111",14,7,-7
"55077",0,8,8
"55001",0,6,6
"55047",0,13,13
"55057",0,1,1
"55081",10,8,-2
"55123",0,3,3
"55137",0,8,8
"55095",5,7,2
"55109",18,8,-10
"55093",0,4,4
"55005",12,5,-7
"55033",9,7,-2
"55083",0,6,6
"55075",5,7,2
"55041",0,2,2
"55087",26,33,7
"55115",3,4,1
"55009",44,33,-11
"55037",0,4,4
"55078",0,1,1
"55135",0,5,5
"55067",0,4,4
"55029",0,2,2
"55061",0,1,1
"55073",17,24,7
"55019",0,6,6
"55097",12,11,-1
"55141",15,12,-3
"55119",0,7,7
"55085",9,5,-4
"55017",4,11,7
"55069",0,6,6
"55099",0,3,3
"55053",3,4,1
"55125",0,1,1
"55003",3,3,0
"55051",0,2,2
"55007",0,1,1
"55113",0,3,3
"55107",0,3,3
"55063",22,25,3
"55011",0,10,10
"55121",0,4,4
"55035",23,22,-1
"55091",0,3,3
"55013",0,1,1
"55129",3,1,-2
"55031",9,6,-3
"55139",24,33,9
"27163",27,14,-13
"27003",57,21,-36
"27025",3,2,-1
"27059",4,6,2
"27065",0,2,2
"27115",0,2,2
"27037",79,23,-56
"27049",8,1,-7
"27131",6,3,-3
"27139",13,5,-8
"27157",3,1,-2
"27123",88,45,-43
"27147",3,5,2
"27161",5,2,-3
"27053",270,81,-189
"27171",11,2,-9
"27143",0,11,11
"27141",7,3,-4
"27129",0,1,1
"27085",6,2,-4
"27019",4,3,-1
"27145",24,25,1
"27093",3,10,7
"27103",0,2,2
"27015",0,4,4
"27127",3,14,11
"27009",4,2,-2
"27095",0,2,2
"27075",0,8,8
"27137",31,46,15
"27031",0,3,3
"27017",5,5,0
"27061",5,6,1
"27001",0,3,3
"27071",0,2,2
"27021",0,11,11
"27109",15,14,-1
"27099",5,3,-2
"27169",4,2,-2
"27047",4,3,-1
"27039",0,7,7
"27055",0,1,1
"27045",3,16,13
"27013",12,6,-6
"27079",0,11,11
"27043",0,9,9
"27091",3,1,-2
"27033",4,2,-2
"27165",0,11,11
"27105",0,2,2
"27081",0,4,4
"27101",0,1,1
"27083",3,14,11
"27133",0,5,5
"27117",0,7,7
"46101",0,3,3
"27067",4,2,-2
"27149",0,5,5
"27151",0,1,1
"27023",0,1,1
"27073",0,2,2
"27011",0,5,5
"27155",0,4,4
"27173",0,1,1
"27121",0,1,1
"46109",0,2,2
"27051",0,8,8
"27041",7,3,-4
"27111",3,4,1
"27097",4,2,-2
"27153",0,3,3
"27035",9,8,-1
"27057",0,2,2
"27159",0,2,2
"27005",3,2,-1
"27029",3,4,1
"27107",0,1,1
"27027",12,4,-8
"27167",0,5,5
"27087",0,1,1
"27119",3,3,0
"27125",0,3,3
"27007",5,3,-2
"27077",0,2,2
"27135",0,6,6
"27113",0,1,1
"27089",0,9,9
"27069",0,5,5
"38035",7,13,6
"38099",0,1,1
"46083",3,2,-1
"46011",0,2,2
"46099",51,18,-33
"46027",0,1,1
"46087",0,1,1
"46125",0,8,8
"46079",4,2,-2
"46067",0,1,1
"46135",3,1,-2
"46077",0,1,1
"46009",0,1,1
"46097",0,3,3
"31027",0,13,13
"46029",0,3,3
"46057",0,7,7
"46039",0,3,3
"46051",0,4,4
"46025",0,2,2
"46037",0,7,7
"46091",0,1,1
"46115",0,1,1
"46035",7,2,-5
"46061",0,3,3
"46005",0,8,8
"46073",0,2,2
"46023",0,3,3
"46043",0,3,3
"46111",0,1,1
"46053",0,1,1
"46015",0,4,4
"46017",0,0,-1745
"46069",0,2,2
"46003",0,3,3
"46059",0,2,2
"46085",0,4,4
"46013",14,3,-11
"46129",3,4,1
"46049",0,1,1
"46045",0,5,5
"46021",0,2,2
"46089",0,3,3
"46041",0,1,1
"46107",0,3,3
"46119",0,2,2
"46065",3,3,0
"46071",0,1,1
"46095",0,1,1
"46123",0,1,1
"46075",0,3,3
"46117",0,2,2
"46007",0,1,1
"46055",0,2,2
"46121",0,1,1
"46031",0,3,3
"46105",0,2,2
"46137",0,1,1
"46093",0,5,5
"38001",0,1,1
"38037",0,3,3
"38085",0,0,-1745
"38029",0,1,1
"46063",0,1,1
"46103",22,21,-1
"46113",0,0,-1745
"46019",0,2,2
"46081",3,4,1
"56011",0,3,3
"46033",0,3,3
"46047",0,1,1
"30011",0,1,1
"38077",0,2,2
"38017",40,27,-13
"38097",0,1,1
"38081",0,1,1
"38091",0,3,3
"38003",0,1,1
"38073",0,3,3
"38045",0,3,3
"38039",0,5,5
"38063",0,2,2
"38067",0,1,1
"38019",0,5,5
"38071",0,1,1
"38005",0,2,2
"38079",0,1,1
"38095",0,1,1
"38009",0,2,2
"38069",0,1,1
"38083",0,1,1
"38103",0,1,1
"38027",0,1,1
"38031",0,1,1
"38049",0,1,1
"38093",0,3,3
"38021",0,2,2
"38051",0,2,2
"38043",0,1,1
"38047",0,1,1
"38015",12,11,-1
"38059",3,7,4
"38057",0,2,2
"38065",0,1,1
"38055",0,3,3
"38041",0,1,1
"38025",0,3,3
"38089",0,2,2
"38007",0,1,1
"38087",0,0,-1745
"38033",0,1,1
"38011",0,1,1
"38053",0,1,1
"38101",4,12,8
"38061",0,2,2
"38075",0,1,1
"38013",0,2,2
"38023",0,3,3
"38105",4,5,1
"30009",0,1,1
"30095",0,2,2
"30111",46,21,-25
"30075",0,1,1
"30087",0,1,1
"30003",0,2,2
"30103",0,1,1
"30097",0,1,1
"30065",0,1,1
"30067",3,1,-2
"30027",0,1,1
"30069",0,0,-1745
"30107",0,1,1
"30037",0,0,-1745
"30059",0,1,1
"30033",0,1,1
"30031",16,8,-8
"30055",0,1,1
"30085",0,3,3
"30105",0,2,2
"30091",0,2,2
"30083",0,1,1
"30021",0,3,3
"30019",0,1,1
"30071",0,3,3
"30017",0,2,2
"30025",0,1,1
"30079",0,1,1
"30109",0,1,1
"30013",22,13,-9
"30015",0,5,5
"30049",18,7,-11
"30099",0,1,1
"30035",0,1,1
"30073",0,1,1
"30045",0,1,1
"30051",0,1,1
"30101",0,3,3
"30041",4,2,-2
"30005",0,1,1
"30043",0,1,1
"30007",0,1,1
"30093",7,8,1
"30057",0,1,1
"30023",0,2,2
"30039",0,2,2
"30077",0,3,3
"30001",0,1,1
"30063",30,14,-16
"30061",0,2,2
"30047",0,1,1
"30089",0,1,1
"30081",3,5,2
"30029",22,10,-12
"16049",0,7,7
"30053",0,4,4
"17097",135,44,-91
"17031",1148,173,-975
"17043",223,23,-200
"17089",93,17,-76
"17111",30,8,-22
"17007",4,1,-3
"17037",15,4,-11
"17141",4,3,-1
"17201",68,19,-49
"17091",20,11,-9
"17197",96,19,-77
"17063",6,3,-3
"17105",4,3,-1
"17093",11,6,-5
"17099",20,12,-8
"17103",0,1,1
"17075",0,1,1
"17053",0,12,12
"17183",21,10,-11
"17019",43,9,-34
"17113",42,20,-22
"17085",0,1,1
"17177",5,2,-3
"17015",0,3,3
"17195",17,7,-10
"17161",54,28,-26
"17131",0,1,1
"17073",0,2,2
"17011",0,2,2
"17155",0,3,3
"17123",0,8,8
"17175",0,4,4
"17095",10,5,-5
"17187",0,6,6
"17109",5,1,-4
"17057",7,1,-6
"17071",0,5,5
"17067",0,15,15
"17169",0,4,4
"17143",45,20,-25
"17203",0,3,3
"17179",28,9,-19
"17125",0,9,9
"17107",5,2,-3
"17039",0,5,5
"17115",21,20,-1
"17045",3,3,0
"17147",0,1,1
"17041",3,13,10
"17029",13,4,-9
"17139",0,11,11
"17173",0,17,17
"17023",7,10,3
"17119",74,37,-37
"17117",0,1,1
"17013",0,5,5
"17051",3,1,-2
"17083",3,1,-2
"17135",10,2,-8
"17061",0,6,6
"17005",0,8,8
"17163",59,20,-39
"17021",5,4,-1
"17171",0,4,4
"17189",0,13,13
"17027",4,21,17
"17157",3,21,18
"17133",0,4,4
"17145",6,7,1
"17077",13,4,-9
"17001",18,7,-11
"17149",0,14,14
"17009",0,5,5
"17049",10,2,-8
"17185",0,1,1
"17033",3,1,-2
"17101",0,1,1
"17159",4,8,4
"17035",0,5,5
"17079",0,6,6
"17025",0,12,12
"17191",0,7,7
"17047",0,2,2
"17167",42,18,-24
"17137",12,18,6
"17017",0,9,9
"17129",0,5,5
"17081",15,2,-13
"17121",7,5,-2
"17065",0,4,4
"17055",12,17,5
"17193",0,9,9
"17199",20,4,-16
"17059",0,3,3
"17165",6,1,-5
"17181",3,1,-2
"17087",0,1,1
"17127",5,1,-4
"17151",0,1,1
"17003",0,3,3
"17069",0,3,3
"17153",0,6,6
"29189",256,82,-174
"29099",51,10,-41
"29071",25,2,-23
"29073",0,6,6
"29221",4,9,5
"29186",0,7,7
"29187",33,6,-27
"29055",0,8,8
"29510",77,26,-51
"29183",79,23,-56
"29163",0,10,10
"29113",3,1,-2
"29139",0,10,10
"29007",10,3,-7
"29219",0,1,1
"29173",0,2,2
"29027",8,1,-7
"29127",14,3,-11
"29121",7,1,-6
"29205",0,7,7
"29111",0,9,9
"29137",0,6,6
"29103",0,2,2
"29001",4,1,-3
"29171",0,3,3
"29197",0,3,3
"29211",0,6,6
"29115",0,10,10
"29041",0,6,6
"29093",0,7,7
"29123",0,6,6
"29179",0,3,3
"29065",0,1,1
"29203",0,4,4
"29223",0,1,1
"29017",0,3,3
"29157",7,8,1
"29031",23,2,-21
"29207",9,2,-7
"29201",11,3,-8
"29143",3,11,8
"29133",0,7,7
"29069",16,12,-4
"29155",0,7,7
"29023",18,3,-15
"29181",0,1,1
"29035",0,5,5
"29149",0,6,6
"29107",3,18,15
"29101",6,3,-3
"29037",13,3,-10
"29095",397,52,-345
"29177",0,2,2
"29165",12,3,-9
"29195",8,16,8
"29047",68,14,-54
"29033",0,8,8
"29049",3,11,8
"29021",23,8,-15
"29075",0,5,5
"29227",0,1,1
"29003",3,1,-2
"29063",0,7,7
"29147",0,1,1
"29081",0,7,7
"29025",0,6,6
"29061",0,4,4
"29087",0,6,6
"29117",8,7,-1
"29129",0,2,2
"29079",3,6,3
"29013",0,10,10
"29185",0,6,6
"29083",3,12,9
"29217",7,7,0
"29015",4,7,3
"29039",0,7,7
"29011",0,6,6
"29057",0,3,3
"29097",51,5,-46
"29109",0,11,11
"29145",14,4,-10
"29119",3,9,6
"29009",10,1,-9
"29125",0,6,6
"29151",0,10,10
"29019",34,12,-22
"29135",0,9,9
"29141",0,9,9
"29029",7,1,-6
"29131",0,1,1
"29053",3,14,11
"29051",24,17,-7
"29089",0,6,6
"29175",5,1,-4
"29159",15,3,-12
"29085",0,4,4
"29161",15,3,-12
"29215",3,11,8
"29169",4,3,-1
"29059",0,6,6
"29105",11,1,-10
"29229",3,13,10
"29091",16,1,-15
"29167",3,12,9
"29077",92,25,-67
"29067",0,5,5
"29153",0,4,4
"29213",11,23,12
"29043",16,3,-13
"29209",0,12,12
"29225",4,14,10
"05089",0,9,9
"05009",10,1,-9
"20005",0,4,4
"20043",0,7,7
"20087",0,8,8
"20103",3,7,4
"20045",7,11,4
"20059",4,12,8
"20011",0,1,1
"20107",0,8,8
"20209",52,15,-37
"20091",136,30,-106
"20121",3,14,11
"20003",0,8,8
"20001",0,8,8
"20177",22,22,0
"20031",0,1,1
"20013",0,10,10
"20197",0,7,7
"20117",0,1,1
"20131",0,14,14
"20149",0,2,2
"20161",9,2,-7
"20201",0,8,8
"20111",3,3,0
"20139",0,11,11
"20085",0,6,6
"20041",0,2,2
"20061",4,2,-2
"31133",0,6,6
"20037",3,2,-1
"20205",0,6,6
"20021",0,1,1
"20133",0,15,15
"20049",0,4,4
"20125",6,8,2
"20207",0,3,3
"20099",0,1,1
"20073",0,8,8
"20017",0,4,4
"20127",0,6,6
"20015",7,4,-3
"20115",0,2,2
"20079",0,3,3
"20029",0,1,1
"20157",0,6,6
"20183",0,5,5
"20089",0,1,1
"20027",0,1,1
"20147",0,1,1
"20173",122,50,-72
"20077",0,7,7
"20191",0,1,1
"20035",3,4,1
"20155",15,16,1
"20151",0,1,1
"20019",0,3,3
"20095",0,4,4
"20007",0,4,4
"20097",0,5,5
"20033",0,3,3
"20047",0,3,3
"20113",0,3,3
"20025",0,3,3
"20143",0,5,5
"20169",18,6,-12
"20105",0,1,1
"20123",0,1,1
"20053",0,1,1
"20159",0,8,8
"20141",0,1,1
"20009",3,2,-1
"20167",0,7,7
"20165",0,5,5
"20135",0,1,1
"20101",0,2,2
"20145",0,1,1
"20195",0,2,2
"20083",0,2,2
"20185",0,6,6
"20051",3,3,0
"20057",7,2,-5
"20063",0,2,2
"20137",0,1,1
"20065",0,4,4
"20039",0,1,1
"20163",0,5,5
"20179",0,4,4
"20153",0,4,4
"20193",3,10,7
"20023",0,1,1
"20181",0,4,4
"20109",0,4,4
"20199",0,1,1
"20055",10,3,-7
"20069",0,2,2
"20075",0,2,2
"20081",0,3,3
"20119",0,4,4
"20093",0,1,1
"20067",0,1,1
"20129",0,3,3
"20187",0,2,2
"20175",0,1,1
"20203",0,2,2
"20171",0,3,3
"20071",0,2,2
"20189",0,2,2
"40139",6,7,1
"31023",0,8,8
"31177",0,2,2
"31025",0,1,1
"31155",3,20,17
"31039",0,13,13
"31153",15,14,-1
"31055",185,69,-116
"31109",54,24,-30
"31173",0,3,3
"31053",3,1,-2
"31043",4,2,-2
"31179",0,7,7
"31159",0,1,1
"31067",0,1,1
"31131",0,15,15
"31169",0,9,9
"31127",0,5,5
"31143",0,5,5
"31185",0,18,18
"31059",0,9,9
"31097",0,7,7
"31151",3,13,10
"31129",0,7,7
"31147",0,8,8
"31095",0,9,9
"31081",0,11,11
"31035",0,9,9
"31037",0,8,8
"31141",6,4,-2
"31011",0,8,8
"31183",0,2,2
"31125",0,3,3
"31121",0,2,2
"31167",0,3,3
"31003",0,7,7
"31119",0,3,3
"31077",0,7,7
"31139",0,5,5
"31051",0,7,7
"31089",3,11,8
"31149",0,2,2
"31107",0,9,9
"31015",0,5,5
"31103",0,1,1
"31079",9,2,-7
"31019",0,4,4
"31009",0,0,-1745
"31041",0,12,12
"31163",0,4,4
"31175",0,6,6
"31093",0,2,2
"31071",0,3,3
"31115",0,1,1
"31113",0,1,1
"31047",0,2,2
"31137",0,9,9
"31099",0,4,4
"31073",0,2,2
"31001",3,1,-2
"31083",0,6,6
"31065",0,8,8
"31181",0,4,4
"31061",0,4,4
"31063",0,4,4
"31145",0,1,1
"31057",0,2,2
"31029",0,1,1
"31085",0,1,1
"31087",0,3,3
"31111",4,2,-2
"31117",0,1,1
"31005",0,1,1
"31049",0,3,3
"31101",0,5,5
"31123",0,5,5
"31007",0,1,1
"31105",0,3,3
"31033",4,10,6
"31135",0,4,4
"31031",0,7,7
"31171",0,2,2
"31069",0,3,3
"31091",0,1,1
"31017",0,4,4
"31013",0,4,4
"31161",0,6,6
"31075",0,1,1
"31157",6,5,-1
"31045",0,1,1
"31165",0,2,2
"22051",149,40,-109
"22057",32,4,-28
"22089",3,6,3
"22087",10,2,-8
"22075",3,2,-1
"22095",12,3,-9
"22093",5,4,-1
"22071",60,36,-24
"22007",0,7,7
"22109",39,5,-34
"22099",11,15,4
"22101",21,4,-17
"22005",30,10,-20
"22105",61,9,-52
"22063",27,9,-18
"22103",84,20,-64
"22091",0,1,1
"22117",19,7,-12
"22055",87,19,-68
"22113",19,1,-18
"22097",34,2,-32
"22045",31,4,-27
"22001",23,2,-21
"22039",8,1,-7
"22003",10,2,-8
"22053",9,3,-6
"22023",0,3,3
"22019",65,24,-41
"22011",10,3,-7
"22115",14,3,-11
"22079",48,26,-22
"22121",0,2,2
"22125",0,3,3
"22033",149,62,-87
"22077",0,8,8
"22047",8,7,-1
"22037",0,2,2
"22013",0,7,7
"22027",4,1,-3
"22061",16,5,-11
"22017",74,41,-33
"22015",34,18,-16
"22119",19,5,-14
"22069",9,3,-6
"22081",0,1,1
"22031",6,1,-5
"22127",5,4,-1
"22085",5,1,-4
"22073",65,21,-44
"22041",8,1,-7
"22067",13,2,-11
"22111",3,1,-2
"22049",5,1,-4
"22065",3,5,2
"22083",6,1,-5
"22035",0,2,2
"22123",3,6,3
"22029",6,1,-5
"22009",14,3,-11
"22025",0,6,6
"22059",4,7,3
"22107",0,4,4
"22043",0,8,8
"22021",0,5,5
"05069",15,10,-5
"05053",0,1,1
"05025",0,2,2
"05079",0,3,3
"05011",0,1,1
"05003",0,2,2
"05017",0,7,7
"05043",0,1,1
"05013",0,2,2
"05103",4,2,-2
"05039",0,1,1
"05099",0,2,2
"05139",4,2,-2
"05027",3,1,-2
"05019",3,3,0
"05057",4,1,-3
"05081",0,2,2
"05133",0,1,1
"05073",0,5,5
"05061",0,1,1
"05091",9,3,-6
"05113",3,1,-2
"05109",0,7,7
"05051",35,5,-30
"05059",3,1,-2
"05125",19,8,-11
"05097",0,3,3
"05127",0,4,4
"05029",3,1,-2
"05105",0,1,1
"05119",118,45,-73
"05001",3,12,9
"05067",0,8,8
"05147",0,3,3
"05085",12,1,-11
"05145",20,4,-16
"05141",0,8,8
"05117",0,4,4
"05063",9,19,10
"05095",0,6,6
"05045",25,3,-22
"05149",0,9,9
"05137",3,8,5
"05023",4,16,12
"05115",14,3,-11
"05107",0,10,10
"05035",10,1,-9
"05077",0,2,2
"05093",3,2,-1
"05123",0,2,2
"05037",0,11,11
"05111",0,11,11
"05031",28,2,-26
"05055",6,1,-5
"05075",0,8,8
"05121",0,8,8
"05021",0,7,7
"05135",0,14,14
"05049",0,6,6
"05065",0,9,9
"05005",6,1,-5
"05101",0,3,3
"05015",0,17,17
"05087",0,10,10
"05129",0,4,4
"05143",55,7,-48
"05007",62,6,-56
"05071",0,9,9
"05047",0,10,10
"05083",3,2,-1
"05131",31,9,-22
"05033",11,3,-8
"40051",15,1,-14
"40109",259,76,-183
"40015",10,1,-9
"40031",46,11,-35
"40083",11,12,1
"40087",3,2,-1
"40017",24,9,-15
"40075",0,8,8
"40149",0,9,9
"40073",3,11,8
"40027",60,23,-37
"40119",21,3,-18
"40049",7,20,13
"40099",0,7,7
"40011",0,7,7
"40081",7,2,-5
"40125",24,2,-22
"40039",14,20,6
"40137",17,4,-13
"40047",18,3,-15
"40103",0,4,4
"40117",3,6,3
"40019",27,3,-24
"40069",0,3,3
"40085",0,3,3
"40005",5,3,-2
"40095",4,6,2
"40067",0,5,5
"40013",20,1,-19
"40065",12,2,-10
"40055",0,4,4
"40033",0,2,2
"40141",3,4,1
"40057",0,3,3
"40009",3,1,-2
"40129",0,2,2
"40043",0,7,7
"40093",0,5,5
"40003",0,8,8
"40151",0,7,7
"40053",0,6,6
"40059",0,2,2
"40153",12,12,0
"40045",0,3,3
"40007",0,3,3
"40025",0,3,3
"48421",0,2,2
"40113",5,2,-3
"40147",12,3,-9
"40143",198,75,-123
"40145",13,1,-12
"40037",19,2,-17
"40107",0,4,4
"40131",15,5,-10
"40035",5,6,1
"40097",10,2,-8
"40105",0,5,5
"40111",18,5,-13
"40041",21,10,-11
"40115",14,1,-13
"40001",4,5,1
"40021",16,2,-14
"40101",29,4,-25
"40121",24,2,-22
"40091",12,1,-11
"40135",22,11,-11
"40061",3,3,0
"40127",3,4,1
"40023",8,6,-2
"40029",0,2,2
"40063",3,4,1
"40077",3,4,1
"40079",33,16,-17
"40123",18,3,-15
"40071",21,3,-18
"40089",12,14,2
"40133",10,1,-9
"48113",862,101,-761
"48085",224,43,-181
"48121",153,28,-125
"48181",41,4,-37
"48439",552,91,-461
"48397",13,1,-12
"48139",32,7,-25
"48349",25,4,-21
"48467",0,2,2
"48257",21,3,-18
"48213",21,1,-20
"48231",22,3,-19
"48379",0,5,5
"48499",9,4,-5
"48277",26,4,-22
"48387",3,2,-1
"48147",8,2,-6
"48119",0,2,2
"48223",15,1,-14
"48063",0,6,6
"48159",0,6,6
"48449",16,2,-14
"48459",5,1,-4
"48037",46,23,-23
"48067",6,6,0
"48315",0,1,1
"48343",0,2,2
"48183",72,18,-54
"48203",21,4,-17
"48401",12,1,-11
"48365",8,1,-7
"48419",7,1,-6
"48423",70,18,-52
"48073",17,2,-15
"48001",17,3,-14
"48347",15,2,-13
"48161",0,2,2
"48289",0,1,1
"48225",4,1,-3
"48293",3,1,-2
"48455",0,3,3
"48313",0,3,3
"48471",22,3,-19
"48005",33,8,-25
"48351",0,3,3
"48405",0,5,5
"48403",0,1,1
"48241",13,5,-8
"48373",5,10,5
"48457",6,2,-4
"48367",23,4,-19
"48251",47,3,-44
"48497",3,1,-2
"48221",9,1,-8
"48035",0,9,9
"48425",0,3,3
"48217",9,1,-8
"48363",7,13,6
"48077",0,1,1
"48337",0,7,7
"48237",0,4,4
"48097",11,3,-8
"48485",41,14,-27
"48009",0,4,4
"48487",6,7,1
"48275",0,2,2
"48447",0,3,3
"48503",4,10,6
"48023",0,3,3
"48155",0,1,1
"48207",0,5,5
"48143",11,1,-10
"48429",4,3,-1
"48417",0,3,3
"48049",18,3,-15
"48093",0,7,7
"48133",0,9,9
"48193",0,5,5
"48059",0,4,4
"48333",0,2,2
"48083",0,5,5
"48027",102,18,-84
"48331",10,2,-8
"48491",124,40,-84
"48145",0,1,1
"48099",22,4,-18
"48281",0,5,5
"48309",84,29,-55
"48053",15,18,3
"48051",0,7,7
"48395",0,8,8
"48319",0,3,3
"48399",0,1,1
"48411",0,3,3
"48307",3,2,-1
"48299",0,15,15
"48095",0,2,2
"48327",0,2,2
"48413",0,1,1
"48267",0,1,1
"48451",46,15,-31
"48235",0,1,1
"48105",0,3,3
"48383",0,2,2
"48081",0,2,2
"48465",23,5,-18
"48431",0,1,1
"48137",0,1,1
"48435",0,2,2
"48201",1259,229,-1030
"48157",167,37,-130
"48339",116,11,-105
"48407",0,4,4
"48291",28,2,-26
"48473",3,3,0
"48185",3,7,4
"48199",10,12,2
"48089",0,1,1
"48321",6,6,0
"48015",0,1,1
"48481",19,3,-16
"48039",85,28,-57
"48477",13,3,-10
"48239",0,3,3
"48057",8,3,-5
"48167",82,36,-46
"48071",0,4,4
"48361",20,17,-3
"48245",81,48,-33
"48041",37,8,-29
"48287",0,9,9
"48469",36,10,-26
"48175",0,3,3
"48007",3,1,-2
"48391",0,1,1
"48123",8,2,-6
"48177",9,1,-8
"48285",4,2,-2
"48283",0,1,1
"48029",582,125,-457
"48019",0,4,4
"48325",16,2,-14
"48259",10,3,-7
"48013",17,1,-16
"48163",8,1,-7
"48091",38,6,-32
"48311",0,1,1
"48297",3,1,-2
"48265",15,6,-9
"48127",4,2,-2
"48479",111,6,-105
"48385",0,3,3
"48171",0,1,1
"48493",9,1,-8
"48505",4,3,-1
"48031",0,7,7
"48025",13,3,-10
"48187",27,8,-19
"48255",3,1,-2
"48355",154,38,-116
"48131",0,5,5
"48249",22,4,-18
"48409",25,10,-15
"48261",0,0,-1745
"48047",3,3,0
"48273",23,5,-18
"48247",0,4,4
"48215",357,23,-334
"48061",193,16,-177
"48427",35,2,-33
"48489",10,2,-8
"48021",9,3,-6
"48055",6,2,-4
"48209",46,16,-30
"48453",315,83,-232
"48463",15,1,-14
"48507",0,1,1
"48271",0,1,1
"48443",0,1,1
"48323",33,1,-32
"48149",0,1,1
"48117",5,1,-4
"48359",0,1,1
"48483",0,5,5
"48295",0,4,4
"48357",0,1,1
"48233",4,8,4
"48369",0,1,1
"48375",44,18,-26
"48211",0,3,3
"48381",26,9,-17
"48341",11,3,-8
"48205",0,1,1
"48011",0,1,1
"48189",13,3,-10
"48111",0,5,5
"48069",0,1,1
"48279",0,1,1
"48065",0,1,1
"48129",0,3,3
"48179",6,8,2
"48195",0,4,4
"48437",0,1,1
"48393",0,1,1
"48087",0,2,2
"48045",0,2,2
"48075",5,1,-4
"48101",0,2,2
"48345",0,1,1
"48125",0,1,1
"48197",0,4,4
"48191",0,4,4
"48153",0,2,2
"48107",0,1,1
"48269",0,0,-1745
"48303",78,18,-60
"48219",6,1,-5
"48079",0,1,1
"48445",5,1,-4
"48165",9,2,-7
"48501",0,3,3
"48017",3,2,-1
"48169",0,2,2
"48115",5,1,-4
"48317",0,2,2
"48305",0,1,1
"48033",0,0,-1745
"48253",0,4,4
"48433",0,1,1
"48353",14,1,-13
"48441",39,16,-23
"48227",13,5,-8
"48335",0,1,1
"48415",4,1,-3
"48263",0,1,1
"48151",0,2,2
"48329",54,20,-34
"48003",6,3,-3
"48389",0,2,2
"48475",3,3,0
"48173",0,1,1
"48371",4,2,-2
"48103",0,1,1
"48461",0,2,2
"48243",0,1,1
"48043",0,2,2
"48135",64,22,-42
"48495",0,2,2
"48301",0,0,-1745
"48109",0,1,1
"48141",393,65,-328
"35035",13,5,-8
"48229",0,1,1
"48377",3,3,0
"08001",102,23,-79
"08059",123,38,-85
"08005",186,46,-140
"08031",171,32,-139
"08035",60,26,-34
"08013",73,21,-52
"08014",17,6,-11
"08039",0,3,3
"08041",138,44,-94
"08047",0,0,-1745
"08093",3,1,-2
"08037",8,34,26
"08049",0,1,1
"08117",3,1,-2
"08107",0,1,1
"08057",0,1,1
"08019",0,3,3
"08015",0,2,2
"08065",0,3,3
"08069",54,28,-26
"08123",38,10,-28
"08087",4,3,-1
"08121",0,1,1
"08095",0,2,2
"08075",0,1,1
"08125",0,2,2
"08115",0,1,1
"08017",0,3,3
"08073",0,4,4
"08063",0,8,8
"08119",3,2,-1
"08043",4,5,1
"08101",29,18,-11
"08071",0,1,1
"08061",0,1,1
"08009",0,2,2
"08089",0,2,2
"08025",0,1,1
"08011",0,1,1
"08055",0,1,1
"08099",0,3,3
"08027",0,2,2
"08003",0,2,2
"08021",0,2,2
"08007",0,7,7
"08067",6,1,-5
"08023",0,1,1
"08105",0,1,1
"08109",0,1,1
"08053",0,1,1
"08079",0,1,1
"35045",54,8,-46
"08051",4,1,-3
"08085",3,3,0
"08111",0,1,1
"08033",0,1,1
"08083",3,10,7
"49037",4,5,1
"08113",0,7,7
"08091",0,6,6
"08029",6,4,-2
"08077",26,11,-15
"08045",5,1,-4
"08081",0,2,2
"08097",0,12,12
"08103",0,2,2
"56021",15,19,4
"56001",3,6,3
"56007",0,1,1
"56029",0,7,7
"56039",0,16,16
"56031",0,1,1
"56015",0,7,7
"56027",0,2,2
"56009",0,2,2
"56013",3,4,1
"56037",0,5,5
"56003",0,1,1
"56017",0,4,4
"56043",0,1,1
"56025",14,8,-6
"56019",6,4,-2
"56045",0,3,3
"56005",5,3,-2
"56033",4,4,0
"56035",0,6,6
"49043",7,2,-5
"56041",0,3,3
"56023",0,1,1
"16029",0,1,1
"16005",32,23,-9
"16011",9,5,-4
"16077",0,2,2
"16031",4,3,-1
"16071",0,2,2
"16023",0,1,1
"16007",0,1,1
"16037",0,1,1
"16059",0,1,1
"16041",0,1,1
"16019",39,19,-20
"16053",3,2,-1
"16083",24,8,-16
"16073",0,1,1
"49003",9,7,-2
"16013",3,1,-2
"16047",0,1,1
"16067",0,1,1
"16025",0,1,1
"16063",0,0,-1745
"16039",8,5,-3
"16051",0,2,2
"16043",0,1,1
"16081",0,5,5
"16033",0,0,-1745
"16065",8,9,1
"16069",11,7,-4
"16035",0,3,3
"16061",0,3,3
"16057",0,7,7
"16015",0,1,1
"16027",49,22,-27
"16045",0,2,2
"16075",11,2,-9
"16087",0,1,1
"16085",0,5,5
"16003",0,2,2
"16001",141,63,-78
"16017",11,4,-7
"16055",33,21,-12
"16079",0,1,1
"16021",0,1,1
"16009",0,3,3
"49013",0,5,5
"49049",97,70,-27
"49035",362,198,-164
"49011",74,48,-26
"49029",0,3,3
"49023",0,3,3
"49045",8,8,0
"49009",0,0,-1745
"49047",0,5,5
"49033",0,2,2
"49051",4,3,-1
"32033",0,1,1
"49057",65,46,-19
"49005",30,19,-11
"49007",0,6,6
"49015",0,5,5
"49019",0,3,3
"04001",10,2,-8
"49017",3,1,-2
"49025",3,2,-1
"04017",22,4,-18
"49041",0,2,2
"49039",0,9,9
"49027",0,2,2
"49031",0,1,1
"49001",0,3,3
"49021",9,4,-5
"49055",0,1,1
"49053",38,22,-16
"04013",999,195,-804
"04021",46,17,-29
"04007",10,2,-8
"04025",33,10,-23
"04019",223,52,-171
"04012",0,1,1
"04027",41,4,-37
"04015",40,3,-37
"04009",3,1,-2
"04011",0,1,1
"04003",20,9,-11
"04023",5,8,3
"04005",30,8,-22
"35031",51,4,-47
"35043",23,11,-12
"35061",11,5,-6
"35006",9,2,-7
"35053",4,1,-3
"35001",197,54,-143
"35049",32,18,-14
"35027",7,1,-6
"35039",9,3,-6
"35057",0,3,3
"35047",12,1,-11
"35055",3,3,0
"35028",0,4,4
"35007",4,10,6
"35019",0,2,2
"35033",0,2,2
"35021",0,1,1
"35003",0,1,1
"35051",0,1,1
"35013",58,8,-50
"35023",0,2,2
"35017",6,2,-4
"35029",6,2,-4
"35009",30,2,-28
"35041",4,1,-3
"35025",24,2,-22
"35005",25,6,-19
"35011",0,1,1
"35037",0,2,2
"35015",23,8,-15
"35059",0,3,3
"32017",0,2,2
"32023",3,8,5
"32003",582,72,-510
"06051",0,3,3
"32009",0,0,-1745
"32021",0,1,1
"06027",0,3,3
"06071",346,67,-279
"32015",0,1,1
"32011",0,1,1
"32031",136,29,-107
"32019",9,4,-5
"32029",0,1,1
"32013",0,1,1
"32027",0,2,2
"32001",6,3,-3
"32005",7,3,-4
"32007",6,8,2
"41045",0,5,5
"06091",0,0,-1745
"32510",21,5,-16
"06037",2104,360,-1744
"06111",188,40,-148
"06059",800,122,-678
"06065",336,60,-276
"06073",675,180,-495
"06025",40,9,-31
"06083",68,17,-51
"06031",22,8,-14
"06107",67,19,-48
"06029",134,51,-83
"06019",158,41,-117
"06053",63,12,-51
"06069",5,1,-4
"06079",39,14,-25
"06039",25,4,-21
"06043",0,1,1
"06047",37,15,-22
"06081",143,43,-100
"06085",352,88,-264
"06075",235,29,-206
"06001",253,65,-188
"06055",20,8,-12
"06013",184,49,-135
"06095",69,27,-42
"06097",76,25,-51
"06067",259,77,-182
"06041",40,5,-35
"06087",42,10,-32
"06077",121,26,-95
"06009",4,1,-3
"06003",0,0,-1745
"06109",3,1,-2
"06099",101,18,-83
"06045",9,6,-3
"06033",4,4,0
"06023",3,16,13
"06105",0,1,1
"06015",0,2,2
"06093",5,1,-4
"06005",0,2,2
"06057",8,2,-6
"06061",73,21,-52
"06113",25,13,-12
"06017",12,4,-8
"06101",13,5,-8
"06011",0,6,6
"06115",3,3,0
"06007",28,8,-20
"06063",0,7,7
"06021",0,1,1
"06103",7,1,-6
"06089",18,9,-9
"06035",0,3,3
"06049",3,1,-2
"15003",153,102,-51
"15007",8,13,5
"15001",28,34,6
"15009",16,22,6
"15005",0,0,-1745
"41065",0,3,3
"41005",75,30,-45
"41047",58,25,-33
"41067",120,31,-89
"41051",172,65,-107
"41027",3,2,-1
"41007",4,5,1
"41009",3,10,7
"41055",0,1,1
"41053",8,7,-1
"41071",14,4,-10
"41057",0,1,1
"41003",16,10,-6
"41043",21,13,-8
"41039",72,41,-31
"41041",0,4,4
"41015",0,3,3
"41019",12,12,0
"41011",3,8,5
"41029",47,12,-35
"41033",8,7,-1
"41035",8,8,0
"41037",0,3,3
"41013",0,2,2
"41017",32,16,-16
"41025",0,2,2
"41031",0,1,1
"41069",0,1,1
"41059",10,9,-1
"41021",0,2,2
"41001",0,2,2
"41061",3,3,0
"41023",0,3,3
"41049",0,5,5
"41063",0,5,5
"53033",383,121,-262
"53061",110,37,-73
"53053",140,71,-69
"53037",0,3,3
"53035",22,19,-3
"53073",26,25,-1
"53055",0,8,8
"53057",19,7,-12
"53029",5,3,-2
"53041",7,6,-1
"53009",7,1,-6
"53031",3,3,0
"53067",31,35,4
"53027",0,11,11
"53045",5,6,1
"53049",0,3,3
"53015",18,18,0
"53011",81,57,-24
"53039",0,6,6
"53059",0,1,1
"53069",0,2,2
"53007",15,2,-13
"53017",3,4,1
"53047",3,3,0
"53025",6,7,1
"53043",0,2,2
"53001",0,2,2
"53077",24,18,-6
"53005",30,19,-11
"53063",104,78,-26
"53075",0,4,4
"53051",0,1,1
"53065",0,1,1
"53019",0,1,1
"53021",9,9,0
"53071",10,6,-4
"53013",0,4,4
"53023",0,1,1
"53003",3,3,0
"02020",72,29,-43
"02050",0,1,1
"02185",0,1,1
"02016",0,1,1
"02164",0,0,-1745
"02150",0,2,2
"02013",0,0,-1745
"02270",0,0,-1745
"02070",0,1,1
"02122",10,5,-5
"02290",0,0,-1745
"02261",0,6,6
"02170",9,13,4
"02060",0,1,1
"02180",0,1,1
"02282",0,0,-1745
"02090",9,11,2
"02068",0,1,1
"02240",0,3,3
"02188",0,1,1
"02110",7,5,-2
"02105",0,1,1
"02100",0,1,1
"02195",0,2,2
"02220",0,1,1
"02230",0,1,1
"02130",0,4,4
"02198",0,4,4
"02275",0,1,1
"69110",6,7,1
"66070",3,0,-3
"66075",4,0,-4
"66160",4,0,-4
"00000",0,810,810
"12025",0,1,1
"29000",0,1,1
"38000",0,1,1
"60010",0,3,3
"64002",0,2,2
"64005",0,2,2
"64040",0,2,2
"64060",0,2,2
"66010",0,19,19
"68190",0,1,1
"69010",0,1,1
"69100",0,1,1
"70150",0,3,3
"78010",0,9,9
"78020",0,2,2
"78030",0,10,10
"46102",0,1,1
