"fips","alcoholoutlet_pop"
"47177",0.000884477421256941
"47179",0.000680724541293377
"47119",0.000913281725667565
"48055",0.000759301442672741
"48189",0.000768639508070715
"48419",0.000749536470866701
"48451",0.000669570966046819
"48459",0.000560729435857428
"48469",0.000738255762194791
"48481",0.00108232917237896
"48485",0.000554728107237302
"48329",0.000445985240861762
"48181",0.00068694948631444
"48299",0.00128284316054545
"48363",0.000840925017519271
"48041",0.000641310246164471
"48183",0.000899200440689225
"48179",0.000847835787594824
"48303",0.00049867457547046
"48257",0.000605796258602307
"48259",0.000525486074619023
"48035",0.000929164844774814
"48029",0.000542286297464773
"48071",0.00123471734656821
"48027",0.000608192234647449
"48061",0.00061897331062974
"48121",0.000479718692958449
"48117",0.000640478223740393
"48167",0.000817098998152515
"48141",0.00047006083280905
"48463",0.00115156017830609
"48043",0.00108330625067707
"48215",0.000555441219117468
"48423",0.000677074860738012
"48199",0.000739892539416894
"48207",0.00122249388753056
"48227",0.000632754683760214
"48337",0.000564420955410744
"01081",0.000663969420174742
"01073",0.000973199126849381
"01039",0.00120967741935484
"01077",0.00096158001642249
"01083",0.000738965659210151
"01117",0.000805877281757187
"01115",0.000829649160690541
"01003",0.000798759573368416
"01043",0.000881078536685455
"01051",0.000887311446317658
"01069",0.000907337013619606
"01071",0.0010607112551107
"01121",0.00104494507818428
"01125",0.000771809652444466
"01103",0.000956271547566121
"01109",0.000840008400084001
"01021",0.000862558165928952
"01033",0.00131456427671578
"27141",0.000518721615870764
"27159",0.00109857917093892
"27009",0.000872187196291958
"27019",0.000549294254970623
"27047",0.000656534156189476
"27061",0.00121840455461775
"27085",0.000837240455458808
"27123",0.000637349800346042
"27151",0.00128218826797735
"27169",0.00059142434696895
"27139",0.000468077783514025
"27157",0.000928634443051493
"27035",0.00107448183502811
"27171",0.000535562861690891
"27041",0.00103963959160824
"27051",0.00202190395956192
"27079",0.00099143120175625
"27025",0.000741209436861611
"27127",0.000982897582071948
"27173",0.00122274302017526
"27153",0.00102065812035601
"27007",0.000840462901105532
"27013",0.000523991316715323
"27055",0.000858000858000858
"27077",0.000795544948289578
"27111",0.00099664919666638
"27137",0.000836007388903629
"27003",0.000553885334315481
"27145",0.000915103627597001
"27037",0.000519630895971793
"27083",0.000931749359422315
"27095",0.0011598685482312
"27129",0.00109200109200109
"27163",0.000480585141714009
"27017",0.00092610782140151
"27031",0.00223214285714286
"48231",0.000785879654212952
"48187",0.000471799001044248
"48347",0.000841763724574909
"48367",0.000463340084148538
"48465",0.000653474647225796
"48135",0.000541789399610161
"48169",0.000988467874794069
"48453",0.000648024747209214
"48085",0.000490771342649775
"48209",0.000534293186355839
"48039",0.00057114814640246
"48013",0.000827814569536424
"48353",0.00127482555018787
"48325",0.000759134586571309
"48213",0.000777106204514617
"48203",0.000690898167617903
"48277",0.00082642962246276
"48149",0.00103416729644803
"48491",0.000540536592135923
"48477",0.000910047493103546
"48343",0.00145478057059727
"48361",0.000915914308484697
"48201",0.000750651547465583
"48053",0.00079518590156888
"48171",0.0010960353754866
"48177",0.000916501857122184
"48113",0.000665933219480235
"48221",0.000617305120203025
"48309",0.000724842585696705
"48073",0.000690740243294064
"48249",0.000829835009274627
"48339",0.000617187896123605
"48479",0.000533770098637789
"48157",0.00077345785307959
"48097",0.00104892485202667
"48031",0.00121972469071267
"01045",0.000852324613917243
"01055",0.000963522404329038
"01049",0.000939559669050624
"01097",0.000842763103879608
"01015",0.000907361845434399
"01017",0.00103980986333928
"01101",0.00104873072736967
"01095",0.00102464372719384
"01089",0.000803254976868465
"01001",0.000704225352112676
"01123",0.00110998742014257
"02090",8.0749354005168e-05
"02170",0.000104395030796534
"02110",0.000155149408880752
"02240",0.000436173306193661
"02020",0.00013286501255404
"02122",0.000205254515599343
"04019",0.000411796259176583
"04013",0.000354831928405266
"04007",0.000690994658798043
"04003",0.000595867066030016
"04015",0.000577770288162931
"04005",0.000743236547418492
"04025",0.000521776495503514
"04027",0.000529913877059981
"04017",0.000631463347670907
"04021",0.000272647662970519
"05037",0.00106990014265335
"05027",0.000967362045760431
"05125",0.00049407528367458
"05009",0.000857196431919852
"48241",0.000704106348222836
"48245",0.000947550522922073
"48439",0.000641535391775663
"48139",0.000690560044195843
"48265",0.000829427309376386
"48355",0.000843613431432207
"48089",0.00146061062947606
"48409",0.00088049188156638
"48381",0.000462596809574262
"48385",0.00205399061032864
"48193",0.0014402304368699
"48497",0.000724091114798612
"48321",0.00127807690215913
"48371",0.00101169775529561
"48397",0.000493954206328788
"48441",0.000767151311463433
"48471",0.000732843848951204
"48091",0.000550684119117211
"48099",0.000504782146652497
"48341",0.00098135426889107
"48349",0.00095928155934279
"48375",0.000752043050286612
"48415",0.00087739822180627
"48427",0.000608633228253067
"48021",0.000863680461891579
"48049",0.000686831330075287
"48281",0.00062314255584316
"50021",0.00142633974054201
"50019",0.00156128024980484
"50017",0.000864812508648125
"50007",0.000971434895417041
"50015",0.00146141085393791
"50027",0.00133876074174582
"50011",0.00118087792165486
"05035",0.000924556213017751
"05047",0.00101477054910362
"05069",0.00118356860367772
"05089",0.000546249089584851
"05131",0.000791591883440055
"05007",0.000538081494888226
"05017",0.00160150730098917
"05077",0.000326299760713509
"05041",0.00111025706721325
"05051",0.000832022728425752
"05093",0.000830840810900631
"05117",0.00170961045304677
"05139",0.00124211006616137
"05067",0.000704763023433371
"05143",0.000507987894390178
"05005",0.000844859632606754
"05055",0.000778868193248325
"05111",0.00112989621694007
"05019",0.000580720092915215
"05029",0.0011985808802378
"05103",0.00125891733109526
"05015",0.000929733595565886
"05091",0.000803268153860277
"05123",0.0011969111969112
"05119",0.000928831174118946
"06047",0.000545356729628347
"06033",0.000872342082716722
"06043",0.00068886337543054
"06115",0.000523834468308015
"06013",0.000469248877873602
"06099",0.000651700865620754
"06083",0.000696897009862217
"06097",0.000726331207030406
"06025",0.000630876420163696
"06069",0.000480323307274414
"06001",0.000540212970664323
"06067",0.00052474397413537
"06017",0.000572752873045083
"06055",0.000916754402927884
"06053",0.000673726956000092
"06075",0.000651457607824806
"28027",0.00124704364652763
"28067",0.000950959737827715
"28095",0.000728842541978527
"28051",0.0011839657213734
"28089",0.00102331630994051
"28091",0.000960384153661465
"28093",0.00126408045169808
"28099",0.000886403927451248
"28137",0.000668919870440783
"28151",0.00123759689080921
"28107",0.00143316759286341
"28029",0.000947335181221712
"28043",0.00128034901365706
"28049",0.000954785864144022
"28035",0.00130277570987983
"28045",0.000894359149081152
"28057",0.000724575909982099
"28071",0.000765068109721963
"28059",0.000920098893071866
"28087",0.00104818258664413
"28083",0.00143727328724933
"28047",0.00073348915903023
"28075",0.00111433028749721
"28085",0.00131118881118881
"28159",0.000932579955016732
"28163",0.000875196919306844
"28011",0.00125596583772921
"28073",0.000693895334764156
"28081",0.00124600338536769
"28113",0.00154305372862491
"28149",0.00101033986113201
"28105",0.000969461948618517
"28133",0.00126108223784775
"28003",0.000889727689404152
"28001",0.000639672487686305
"28033",0.000798994272943148
"28031",0.00094846664558963
"42045",0.000658927223967946
"42043",0.00076914146398096
"50005",0.00125686313421975
"50025",0.00123765266328842
"50003",0.0016225591674593
"50001",0.000948972398459953
"50023",0.00138817480719794
"49053",0.000379950666722956
"49043",0.0005595698610807
"49049",0.000260945680358057
"49057",0.000457260097495805
"49035",0.000381071339730392
"49005",0.000354367172713728
"51093",0.000764463374013706
"51540",0.00108289451333447
"51031",0.000959710276143051
"51087",0.000744958554047659
"51109",0.000776914539400666
"51165",0.000635244880673609
"51177",0.000624844729848757
"51067",0.000783099293430865
"51117",0.00146446237958865
"51121",0.000560423884246994
"51015",0.000626007272339802
"51107",0.000425172220056993
"51153",0.000457281063145964
"51161",0.000586210204320902
"51145",0.000728787090057262
"51171",0.00094854710346104
"51061",0.000631023405231758
"51790",0.0010641781270465
"06107",0.000668978865463804
"06113",0.000492289005852258
"06023",0.00082389289392379
"06057",0.000614646729273306
"06039",0.000598328540271371
"06045",0.00112354397872145
"06087",0.000609573590497952
"06037",0.000516586206315088
"06065",0.000433765896628528
"06071",0.000500690776447618
"06085",0.000446699559526218
"06041",0.000503956636647265
"06061",0.000549918031085932
"06093",0.000989233459096347
"06089",0.0007532977702386
"06095",0.00051603674724837
"06015",0.000472813238770686
"06007",0.000575687392888932
"06031",0.000577340385291756
"06079",0.000715893183066645
"06019",0.000663266705331831
"06029",0.00060610088988679
"06059",0.000487366968388065
"06111",0.000557087940816488
"06009",0.000703080370874896
"06101",0.000707529991988263
"06081",0.00048343612323321
"06077",0.000568271337444099
"06005",0.000806682453355539
"08007",0.000980909982645439
"08031",0.000721396419379344
"08055",0.00164695313669711
"08015",0.00158511019072455
"08045",0.000948268563203793
"08051",0.001309367932389
"08059",0.000622827497660048
"08091",0.00145954962468724
"08103",0.00172305764411028
"08123",0.000586222142167057
"06073",0.00052712952941627
"08001",0.000650654224888318
"08035",0.000371978419300026
"08037",0.00100583383625025
"08067",0.000899005699696136
"08081",0.0010665041517483
"08097",0.00111569786901707
"08105",0.0011499336576736
"08069",0.000574269256872379
"08075",0.000446827524575514
"08083",0.00107564058238254
"08113",0.00161510746676606
"08119",0.0011417387049421
"08013",0.00059533037735264
"08039",0.000388847843838706
"08071",0.00105145100238329
"08125",0.000999700089973008
"08107",0.00119655392469687
"08117",0.00127247218506313
"08003",0.000931272117712796
"08019",0.00168509741969458
"08029",0.000883363324063471
"08043",0.000486042137740115
"42055",0.000596832893277196
"42119",0.000709361353106781
"42127",0.000758430243864494
"42009",0.000868899600719945
"42089",0.000577270996000762
"42061",0.00066124446207763
"42125",0.000641854718838677
"42101",0.000905593464528284
"42133",0.000556596680618989
"42063",0.000635055038103302
"42041",0.000553487775139575
"42003",0.000699819274741681
"42129",0.000714711137581894
"42053",0.000957199507725967
"42013",0.000682056237160697
"42073",0.000784069551581399
"42015",0.000885783179961616
"42021",0.000789420264794112
"42029",0.000508122257294634
"42011",0.000598050355839962
"42111",0.000753082933258025
"42087",0.000929207364508601
"29047",0.000412343927823319
"29179",0.00111287758346582
"29189",0.000594832679485495
"29009",0.000900647340275823
"29019",0.000591046490028201
"29055",0.000786619193508322
"29149",0.00103315487930873
"29155",0.0010802376522835
"29069",0.00119892097112599
"29071",0.000649281429582037
"29095",0.000578843347466878
"29213",0.000852777878578945
"29021",0.000644359032330997
"29027",0.00066831517743768
"29049",0.000536585365853659
"29113",0.000531189687837527
"29133",0.000957713275379402
"29145",0.00085940185630801
"29183",0.000446371959725075
"29031",0.000649756022983527
"51001",0.00119364612983197
"51047",0.000626210837361304
"51085",0.000663274491410595
"51137",0.000860871980005554
"51550",0.000612545940945571
"51660",0.00110750286261333
"51003",0.000670359852893255
"51019",0.000561396345820149
"51740",0.000851761885232973
"51830",0.00113887586253098
"51810",0.000597510889580432
"51510",0.000647154739774003
"51590",0.00153396639883126
"51630",0.00108308294319055
"51650",0.000829377744536844
"51013",0.000522564506733372
"51700",0.000784758978811508
"51069",0.000613319446855291
"51179",0.000415607775272019
"51680",0.000781938462684159
"51199",0.00052955194021947
"51760",0.00104138168403774
"51125",0.00101139505090688
"51185",0.00081724875609932
"51610",0.00169875424688562
"51730",0.0015305146355462
"51600",0.00152989673197059
"51770",0.000947303711616564
"51800",0.000665978488894809
"51710",0.000670479679150944
"51041",0.000605441404624059
"51059",0.00044071624680808
"53047",0.00109937383490273
"53067",0.000514817079056598
"53005",0.000486031652811389
"53011",0.000431059984955161
"08101",0.000668747213553277
"08085",0.00069567720577652
"08087",0.000736402847424343
"08093",0.000951474785918173
"08077",0.000641458027483501
"08041",0.00057512868862075
"08049",0.001306933281056
"08005",0.000611269703363535
"08089",0.000765780549174051
"08014",0.000545031376130572
"10003",0.000275098217255671
"10005",0.000285225328009127
"10001",0.000249011030056763
"11001",0.000811337942464302
"09009",0.000866459167382885
"09005",0.000939550114833903
"09003",0.000862839806124036
"09015",0.000832146595062025
"09011",0.000860166797561614
"09007",0.000919946275137532
"09013",0.00067521497653297
"09001",0.000707682593762647
"12031",0.0007690779396402
"12009",0.00073782209264791
"12019",0.000496676994394645
"12069",0.000624517516848962
"12089",0.000589665214565934
"12103",0.000720456613999042
"12105",0.000660140072105366
"12111",0.000658258427145811
"12061",0.000649397034853139
"12063",0.00106371884450933
"12099",0.000608862498779886
"12109",0.000502709728046298
"12117",0.000602511475893039
"12086",0.000656805812194287
"12005",0.000785019845082098
"12035",0.000437154488574785
"12037",0.00127000254000508
"12045",0.000642013353877761
"12097",0.000593825915244847
"12119",0.00044784235948946
"12131",0.000747121385250945
"12039",0.000957666775492437
"12059",0.000874845615479621
"12071",0.000553244344161374
"12083",0.000735448029282146
"12021",0.000511504820259898
"12093",0.00121524402099942
"12095",0.000619375793667846
"12101",0.000577580718335043
"12055",0.000638069549580904
"12121",0.0009081414884439
"12001",0.000730853704938537
"12015",0.00055228175205863
"12023",0.00101474959981706
"12085",0.00074812183698488
"12107",0.000846393272538634
"12115",0.000617407555733547
"12081",0.000580407222035694
"12017",0.000647521164987015
"12075",0.00113852931712992
"12113",0.000492117535978942
"12127",0.000766094984594221
"12073",0.000603927252648652
"12011",0.000645310338203878
"12087",0.00129291010316895
"29091",0.000997406742469579
"29101",0.000428449014567267
"29105",0.000816188680307337
"29161",0.000717006497871387
"29165",0.000367493693013647
"29187",0.000645229056314992
"29510",0.000746331617852252
"29077",0.000583249354629412
"29107",0.000828297082553609
"29097",0.00066711140760507
"29099",0.00048671361145965
"29119",0.000833991747871126
"30053",0.00112606848543789
"30067",0.000856164383561644
"30049",0.000604675171447533
"53057",0.000612998758080438
"53063",0.000506424268800506
"53007",0.000800220388566031
"53035",0.00048893870213102
"53033",0.000509222947644776
"53077",0.000692839721742752
"53041",0.000844583786550643
"53027",0.000961815908435125
"53029",0.000446503994400599
"53053",0.000494861535689893
"53071",0.000596372069908059
"53073",0.000656640446334361
"53061",0.000464442018607726
"54059",0.000864553314121037
"54029",0.000816798829255011
"54107",0.000706214689265537
"54061",0.000549898553197945
"54011",0.00073140482727186
"54037",0.000530917070753548
"54069",0.000806776926179911
"54081",0.000903630468293202
"54079",0.000741918388977212
"54099",0.000719549413195048
"12053",0.000574302383623258
"12057",0.00067637972323273
"12091",0.00076057195010648
"12123",0.00150891632373114
"12129",0.000433154914761301
"13189",0.00116522955022139
"13095",0.00137119159894318
"13151",0.000630114130531248
"13153",0.00104881210628831
"13175",0.00130787891572619
"13255",0.00107187700976939
"13257",0.00132038834951456
"13271",0.000935453695042095
"13303",0.00083186533568213
"13225",0.00151040707312581
"13223",0.000425465352729548
"13245",0.000881834215167548
"13135",0.000665540311634606
"13013",0.000734260865161854
"13015",0.000981709699863704
"13097",0.000718691562700606
"13313",0.0010744745148076
"13193",0.00105223600150319
"13285",0.00151603998913028
"13021",0.00147519582245431
"12033",0.000736863259232322
"13109",0.00168428932347712
"13119",0.000922428182377229
"13107",0.000931966449207828
"13051",0.00103640951694304
"13179",0.000961710867332801
"13205",0.00121381046574357
"13233",0.00114536603989692
"13275",0.00125476137127493
"13247",0.000969715884392033
"13299",0.00140477060096086
"13305",0.0010071169598496
"13009",0.00117487974108311
"30111",0.000515697323405112
"30063",0.00049442071793298
"30081",0.000611592021076402
"30013",0.000551301684532925
"30031",0.000536723948067331
"30029",0.000670677384158
"31019",0.000772216464467882
"31001",0.000791464843131668
"31109",0.000574789722759757
"31055",0.000519070952183041
"31151",0.000981079187105816
"31153",0.000369691886642536
"31029",0.00237906423473434
"31067",0.00092618319903677
"31119",0.000798175598631699
"31111",0.00104925842951536
"54055",0.000901216642467331
"54003",0.00047689653079451
"55051",0.00158255670828205
"55109",0.000743812829644322
"55005",0.00108337571027438
"55113",0.00091468992011708
"55079",0.000701200345659181
"55101",0.000731076369362276
"55139",0.000445980599843907
"55033",0.00078196563819567
"55043",0.000908511008447219
"55117",0.000599072739585685
"55087",0.000565428109854604
"55021",0.000647611713020496
"55009",0.0005050350463714
"55095",0.00103595929831024
"55133",0.000489418815157001
"55027",0.000570027931368637
"55127",0.00083435201893785
"55111",0.000922999906135603
"55131",0.000570687418936446
"55025",0.000531639052525938
"55029",0.00145602795573675
"55031",0.000831504792701236
"55039",0.000565318674035303
"55089",0.000496630811427024
"55097",0.000509683995922528
"55105",0.000622872366668311
"55137",0.000992022485843012
"55093",0.000690854515568049
"55037",0.00162262401483542
"55055",0.000672955455071369
"55059",0.000545916308656334
"56005",0.000569512117952288
"56019",0.00141392718275009
"56025",0.000609961037182727
"56021",0.000447518307567128
"56009",0.00100567487967818
"56039",0.00124570446735395
"56037",0.000804209462098757
"13059",0.000935201623129597
"13127",0.00123120634544809
"13089",0.000836755311127511
"13157",0.000692347352139648
"13215",0.00113416335017549
"13235",0.00098074179743224
"13241",0.00114148392910784
"13073",0.000497660993331343
"13087",0.00127426729630462
"13115",0.00112972301245776
"13117",0.000582355078968224
"13185",0.00114420443119171
"13199",0.00151615654316308
"13237",0.00124475588953944
"13261",0.00153006918573709
"13029",0.000998300191565712
"13043",0.00184979652238254
"13045",0.00108377495029142
"13081",0.00189318892264342
"13069",0.00118546756235327
"13067",0.000588377807773509
"13123",0.000821989873084764
"13129",0.00094402293626097
"13105",0.00130439319628509
"13057",0.000496939579419429
"13113",0.00065893164029456
"13217",0.000749451789894429
"13227",0.000860228757128748
"13133",0.00144100524525909
"13071",0.00131908719166337
"13085",0.00118193674600587
"13063",0.000842920525643829
"13121",0.000734414205751785
"13139",0.00081543487343142
"15001",0.000526423976857399
"15003",0.000454905003041162
"15009",0.000620560432343851
"15007",0.000654878847413229
"31025",0.000733930778739184
"31145",0.000742942050520059
"31047",0.000926979311507184
"32005",0.00051940496966675
"32007",0.000707497562001644
"32031",0.000540557102088695
"32003",0.000453253064613997
"32510",0.000748543990652329
"32019",0.000570062522986392
"33005",0.00088109202808974
"33013",0.000700387547776436
"33009",0.00111387103601145
"33015",0.000711583469067336
"33001",0.000804769491024357
"33011",0.000617381093611921
"33017",0.000704748923515381
"33007",0.00148073469644939
"33003",0.00135028459844613
"34025",0.000215552256140424
"34021",0.000220155359016313
"34037",0.000233243569898857
"34011",0.000197490553368531
"34035",0.000142494194119537
"34013",0.000238872321486942
"34029",0.000144194897847975
"34001",0.000217959076304466
"34015",0.000130510191815637
"34023",0.000176772568771794
"34033",0.000190506429591999
"34031",0.000291876887520178
"34009",0.000268568850310466
"34007",0.000181553386562681
"34003",0.000188093165231785
"34039",0.000218398543047075
"34041",0.000245602765864994
"34017",0.000285055055921534
"34019",0.000224317633769418
"34005",0.000136862746857766
"34027",0.00018849606489129
"35031",0.000800684723487672
"35043",0.000350375602646037
"35055",0.000976026352711523
"35017",0.000722830604647801
"35045",0.000592815081215666
"56033",0.00072992700729927
"56029",0.000754768766296144
"56001",0.000494920552227143
"56007",0.00203318685643077
"56015",0.000449707690001499
"56041",0.000830118658137604
"56013",0.000627951371445795
"69110",0
"66160",0
"16055",0.000673777348368315
"16083",0.000636274729288668
"16013",0.000849237920707996
"16021",0.000928661882650908
"16001",0.000402758898454413
"16005",0.000641287238383956
"16019",0.000550737813833135
"16027",0.000353806637780116
"16057",0.000531578281230224
"16017",0.000848409804865745
"17119",0.000691150255310149
"17063",0.000592113054119133
"17091",0.000623661162179018
"17043",0.000594148924719609
"17167",0.000660364419565074
"17099",0.000747241131067917
"17031",0.000617320168709812
"17141",0.000783929446349829
"17115",0.0007959972708665
"17137",0.000846789499810202
"17177",0.000776173685494423
"17191",0.000975490793805634
"17055",0.000924903013642319
"17109",0.000656189507529775
"17111",0.000558960593278174
"17113",0.000573653652261586
"17161",0.000660304574173055
"17163",0.000693761483277299
"17185",0.000692880651307812
"17019",0.000566877221063062
"17085",0.00101908467667223
"17089",0.000523170034024871
"17093",0.000349056753454869
"17101",0.000623713590719142
"17121",0.000688869459237474
"17021",0.000941362242264128
"17077",0.000707176983976404
"17143",0.000765990042129452
"35049",0.000488971351637384
"35013",0.000360995793010566
"35039",0.000485201358563804
"35001",0.000451421979234589
"36095",0.000768688745115624
"36005",0.00116579841512737
"36067",0.000868490641041152
"36035",0.000782910189016888
"36019",0.000943126962262512
"36099",0.00078511195114859
"36083",0.000841787856896064
"36079",0.000971787785842267
"36033",0.000950928145492006
"36043",0.000773482443559953
"36069",0.000776177735569943
"36081",0.00103961374283681
"36101",0.000860799402625957
"36115",0.000697870682939496
"36013",0.000715975594571037
"36047",0.00122781155332061
"36061",0.00114706374353321
"36107",0.000739432280326993
"36011",0.000736196319018405
"36073",0.000586739683160571
"36091",0.000739599653394719
"36087",0.000708953153608572
"36021",0.0012423183316493
"36063",0.000697277298169054
"36119",0.000965021829103407
"36025",0.00117790865651739
"36031",0.00149496783149577
"36057",0.00107500709910348
"36059",0.000973086061353076
"36085",0.000852823688704613
"36089",0.000982435521930348
"36097",0.000837053571428571
"36109",0.000730695037119308
"36113",0.0013068641483602
"36017",0.000918407814815588
"36023",0.000940144155437167
"36027",0.000980412181621357
"36045",0.00107229577639531
"36055",0.000784296843575156
"36065",0.000865371653207746
"36103",0.000950242345494638
"36111",0.00105784568885904
"36121",0.000868378613075301
"36015",0.000742093173920726
"36051",0.000959255240521457
"36075",0.000667573665486442
"36077",0.00115053691722804
"36039",0.00130735492577598
"36117",0.000718081286801666
"36001",0.00103919626801491
"36003",0.000792494859492803
"36007",0.000895500755740522
"36009",0.000868764668507929
"36029",0.000889754229867679
"36053",0.00066006600660066
"36093",0.000955708095751619
"36105",0.00146440172533149
"36037",0.000709244395239413
"36123",0.00103954260125545
"36071",0.00089453674835892
"37087",0.000818960575237908
"72021",2.24476968663015e-05
"72031",1.95085154670013e-05
"72113",2.14790471894667e-05
"72025",3.10229026578872e-05
"72041",7.57441866336759e-05
"72071",7.19303714004843e-05
"72127",6.25991152658376e-05
"17007",0.000616396137250873
"17011",0.00081516816617354
"17029",0.000603664829708099
"17033",0.00110689437065149
"17159",0.000761131548902702
"17165",0.00112528132033008
"17195",0.000678377606398172
"17037",0.000594063200659219
"17081",0.000789785441621693
"17183",0.000747779224630301
"17197",0.000507750447908431
"17199",0.000804745015051712
"17049",0.00111316167208601
"17095",0.000633562999920805
"17097",0.000578782077143383
"17179",0.000585607567851646
"18061",0.00057586379569354
"18069",0.000797601694216013
"18091",0.000798881565807869
"17201",0.000719755353399879
"18181",0.000911010807900948
"18073",0.000926839477382127
"18075",0.000575815738963532
"18127",0.000587063260513769
"18145",0.000630091363247671
"18137",0.00098622803000951
"18147",0.00107595246246393
"18157",0.00053248970258884
"18167",0.00061418773671819
"18173",0.000497752087347463
"18057",0.000399236189986909
"18033",0.000535793323549281
"18087",0.000663383767509504
"18005",0.000666820237388004
"18011",0.000595020139143171
"18049",0.000746417197452229
"18089",0.00079265894870776
"18113",0.000757799014861281
"18001",0.000706693803708729
"18019",0.000523573690851193
"18063",0.000445668166472323
"18037",0.000893213924734974
"18047",0.0008781944322473
"18053",0.00103834346596039
"18059",0.00041243148315683
"18071",0.000726859738784781
"18067",0.000923103083893066
"37035",0.000862872986365338
"37045",0.00098682181698567
"37049",0.000780556341532427
"37065",0.000968697766296915
"37085",0.000604764028635577
"37089",0.000574347549885566
"37097",0.00072349007052604
"37119",0.000589124921473278
"37131",0.000701895116815402
"37147",0.000694938716493025
"37159",0.000698523122540913
"37053",0.00128968630277283
"37179",0.00054532942658178
"37193",0.000861703836772846
"37067",0.000724956356028199
"37127",0.00114856960544507
"37055",0.00182209706808017
"37031",0.000970030403938034
"37185",0.000954869836164439
"37195",0.00105605697795788
"37151",0.00064981344065736
"37157",0.000988174841068546
"37051",0.000745055743989233
"37071",0.000720569523557607
"37081",0.000803231110808005
"37125",0.000791415709087919
"37155",0.00109354731666114
"37183",0.000579938432987646
"37037",0.000827048697748745
"37069",0.000723305506163166
"37101",0.0006704932188754
"37103",0.000938086303939962
"37113",0.000775572343664723
"37019",0.000622083981337481
"37175",0.000651369356032569
"37013",0.000954036635006784
"37047",0.0009631162160234
"37107",0.00109239551765452
"37133",0.00055877663801014
"37135",0.000538540141953658
"37163",0.000725723751676264
"37171",0.000805880146169985
"37011",0.00085684908031532
"37021",0.000805804909570782
"37023",0.000778054419349102
"37025",0.000658229073397382
"18135",0.000802375030089064
"18183",0.000592943966795138
"18007",0.000691483231531635
"18013",0.000663834306956984
"18023",0.000743655687416726
"18133",0.000641985876310721
"18175",0.000610456765297328
"18029",0.000606317831807433
"18065",0.000911822609056056
"18083",0.000620531498718468
"18093",0.000812329849828752
"18095",0.000726121045923294
"18151",0.000870751458508693
"18179",0.00042840312734283
"18003",0.000638797557538751
"18031",0.000828250884722536
"18035",0.000756390193009911
"18043",0.000439730988101397
"18077",0.000621098723642123
"18079",0.000396968603392277
"18081",0.000442374248614328
"18103",0.00092140164735446
"18109",0.000672177569291496
"18051",0.00077252198716425
"18117",0.000613967766692249
"18141",0.000673535245877372
"18085",0.000657936357310053
"18099",0.000688749704052862
"18163",0.000788787088162126
"18009",0.00133189045201032
"18143",0.00105223283808241
"18105",0.000559876007947508
"18045",0.00109555690809495
"18039",0.000620850810039206
"18017",0.000686378035902851
"18055",0.000839578345097795
"18097",0.000722788534976977
"18177",0.000798890597208405
"19059",0.00128452151573539
"19103",0.000578824447929357
"19033",0.000770416024653313
"37057",0.00074978383248378
"37061",0.000915766445639086
"37063",0.000586824350324517
"37091",0.00104114609361986
"37129",0.00068439663417245
"37141",0.000480140399675491
"37191",0.00083331310728704
"37189",0.000600819299044151
"37083",0.00130884938464544
"37001",0.00068575347162695
"38089",0.000965219909269329
"38061",0.00135645770758647
"38105",0.000624857986821177
"38101",0.000523164564320177
"38017",0.000621556717050431
"38003",0.0011208668036615
"38035",0.000640806561859193
"38015",0.000495817201692108
"38071",0.00103600103600104
"37033",0.000881678716275789
"39057",0.00060059338626563
"39061",0.000653892813201752
"39049",0.000630056728354878
"39087",0.000648012760866676
"39101",0.000627880978269192
"39157",0.00075810905940326
"39169",0.000749360459607749
"39017",0.000542078159249932
"39043",0.000748863332441829
"19127",0.000775698128315484
"19153",0.000612995504699632
"19187",0.000875632781502258
"19169",0.000505462085185835
"19013",0.000815753098728785
"19105",0.000729607471180505
"19113",0.000576250441121946
"19163",0.000748060262342994
"20193",0.000768245838668374
"20125",0.000830232772669967
"20151",0.000634786288616166
"20003",0.000765794511805999
"20061",0.000558412931667891
"20057",0.000672927821176746
"20167",0.00129533678756477
"20111",0.000872154220925686
"20117",0.00133347009949738
"20035",0.000650618087182824
"20059",0.000626027075671023
"20079",0.000579659739732777
"39083",0.000504220816187115
"39089",0.000529496402877698
"39139",0.000627580511973576
"39063",0.000593377902606907
"39025",0.000533594419287725
"39045",0.000362560453718511
"39133",0.00051688808757561
"39027",0.000738851681483424
"39127",0.000721781133751596
"39091",0.000772354135404714
"39097",0.000475812846946868
"39153",0.000587437700199877
"39119",0.000731443963265259
"39143",0.000796218807704688
"39149",0.000717963445404008
"39167",0.000860556713997286
"39029",0.000746196336854346
"39037",0.000660027565857162
"39123",0.00073833431777909
"39099",0.000647935954357478
"39009",0.000637164919520002
"39145",0.000789058390320884
"39095",0.000614703712810425
"39117",0.000428045544045886
"39151",0.000558533205873191
"39003",0.000668766658589775
"39033",0.000765165825781306
"39041",0.000352996743480747
"39055",0.000607397461717976
"39059",0.000869320651479124
"39085",0.000695791332179479
"39141",0.000753755783126267
"39023",0.00063833261582768
"39035",0.000729487571054895
"39093",0.00061754477199597
"39109",0.000607377741503829
"39113",0.000675230876295446
"39155",0.000768589638014244
"39165",0.000458251139081403
"39173",0.000453323088743757
"39005",0.000653765690376569
"39007",0.000776857814576306
"40071",0.000900860321607135
"40083",0.000664053295632243
"40035",0.000903405142460042
"40143",0.000573931149919789
"40147",0.000636009713602899
"40017",0.000505499982200705
"40047",0.00105011470483699
"40049",0.00111370576612179
"20159",0.00124249326982812
"20113",0.000840130220184129
"20139",0.00113342988476796
"20031",0.00109038042161376
"20037",0.00069287620611784
"20051",0.00100781928757602
"20073",0.00164446637066272
"20099",0.000944380933445996
"20173",0.000574628682736791
"20175",0.000536936775694662
"20091",0.000478439779140026
"20045",0.000640119710699144
"20121",0.000538647993536224
"20067",0.000401767778224186
"20085",0.000452284034373587
"20095",0.000408719346049046
"20131",0.0012844580575042
"20149",0.00104834989726171
"20209",0.00070362305214696
"20021",0.000743347043956589
"20015",0.000494767459294132
"20169",0.000621560848978995
"20191",0.000735484987453491
"20123",0.00146460537021969
"20011",0.000753012048192771
"20055",0.000707482993197279
"20103",0.000483002043470184
"20177",0.000674718305107618
"20155",0.000669162749940253
"20009",0.000756057914036215
"20133",0.000744971442761361
"20013",0.00103885310617079
"20147",0.00112359550561798
"20161",0.00051961202302281
"20041",0.000796685787125558
"21079",0.00057323015190599
"21037",0.000699970924284684
"21111",0.000747961674131081
"21161",0.00122720897615708
"40123",0.000808238821535654
"40153",0.00101317122593718
"40021",0.000739766562551373
"40041",0.000754130040298824
"40119",0.000647802970115504
"40125",0.000512792083598969
"40037",0.00054601201226427
"40079",0.000799584216207572
"40097",0.000828379300263132
"40109",0.000663096278530924
"40039",0.000994785949506037
"40009",0.00089814981138854
"40063",0.000972180676039485
"40031",0.00064059394556594
"40081",0.000716435019343746
"40137",0.00105390977615873
"40019",0.00124174755272253
"40087",0.000713430325884781
"40095",0.00109057861254165
"40103",0.000882223202470225
"40131",0.000459755016255624
"40135",0.000863123066963965
"40145",0.000379948833557081
"40015",0.00102592161958826
"40027",0.00058723690712347
"40101",0.000654678770949721
"41047",0.000574135631446145
"41029",0.000623343522306463
"41019",0.000925637406748905
"41053",0.000469670147042884
"41005",0.000443401719521613
"41017",0.000520802572872092
"41043",0.000703729767769177
"41057",0.0011747318958657
"41071",0.000677280575402314
"41001",0.00112366564704414
"41033",0.00073042631389781
"41059",0.000726056347158656
"41041",0.000926936782911405
"41003",0.00042806809575554
"41009",0.000642335766423358
"41039",0.000658916805057053
"41045",0.000624753386820992
"41067",0.000425798286967689
"41007",0.00115083627435937
"41011",0.00076939986810288
"21207",0.00134998312521093
"21009",0.000820344544708778
"21021",0.000867476311223809
"21093",0.00070950086153676
"21183",0.000872419093515018
"21035",0.000695213327496974
"21047",0.000742151398885373
"21059",0.000935565419909628
"21101",0.000829169303279583
"21107",0.000860338399770576
"21125",0.000911244760342628
"21157",0.000833547063349577
"21173",0.00114761153349591
"21227",0.000645151260765476
"21019",0.000775974162157628
"21029",0.0005737735590176
"21067",0.000623828372338202
"21075",0.00179445350734095
"21177",0.000904655746179445
"21193",0.00120192307692308
"21199",0.000901320901320901
"21179",0.000876232201533406
"21221",0.0010381341269292
"21015",0.000588595016052591
"21113",0.000584552722884296
"21145",0.000781393638536496
"21211",0.000528262017960909
"21235",0.000968697240596717
"41027",0.000990994872678702
"41051",0.000635093449464707
"42103",0.000739364867545489
"42109",0.000716350072870094
"42115",0.000781059311691482
"42039",0.000700402731570653
"42049",0.000690196651268099
"42067",0.000771604938271605
"42107",0.000883132175448925
"42131",0.00139056610678084
"42001",0.000478188738167268
"42005",0.000728741251309457
"42035",0.000668122831812926
"42025",0.000751326560959194
"42027",0.000469251667078291
"42097",0.000904523708329247
"42095",0.000683599232519509
"42121",0.000791230846424023
"42007",0.000741710033588007
"42017",0.000513715567496163
"42069",0.000992157681863927
"42077",0.000657440583807238
"42083",0.00108693026738485
"42051",0.000784451112702015
"42031",0.000800723233888674
"42091",0.000563227780724743
"42033",0.000763377884567252
"42059",0.000895036615134255
"42075",0.000751454601407009
"42081",0.000778448351263885
"42079",0.000969580971029047
"42093",0.00071197765485514
"42123",0.000729449642821209
"42037",0.00080651297268508
"42019",0.000700913327519141
"42047",0.00102175346077785
"42065",0.000661405829494139
"42071",0.000604437346464596
"42085",0.000699438655643035
"42099",0.000803422144051419
"42105",0.0011900511722004
"42117",0.000708284486127394
"44005",0.000326083018321035
"44003",0.000201380370906029
"44007",0.000220216850678818
"44001",0.000184562382085145
"44009",0.000198318261145486
"45003",0.000867493360110754
"45029",0.00122389251030996
"45085",0.000871137255636633
"45063",0.000909472987963263
"45073",0.000993189557321226
"45011",0.00107748524313689
"45015",0.000567325756589349
"45019",0.000847531564318921
"45031",0.00119354886836648
"45043",0.00109762396694215
"45069",0.00138302246477031
"45091",0.00067325630378528
"45007",0.000898699410291623
"45047",0.00103676982289699
"45051",0.000963356333465795
"45055",0.000967563582749724
"45075",0.00132288708702544
"45083",0.000799695725528823
"21027",0.000743457573354481
"21071",0.000932631116962914
"21073",0.000969740149221239
"21117",0.000657942390805708
"21151",0.000770908129776877
"21213",0.000714953528020679
"21217",0.000664815611434828
"21219",0.00113673270542384
"22033",0.000869833672478327
"22051",0.000657698056801196
"22015",0.000569174459877153
"22073",0.000919649632783259
"22079",0.0009773230510804
"22103",0.000630989006682213
"22017",0.000825770549686573
"22005",0.000747274883441363
"22055",0.000781078880701566
"22061",0.000677306015324049
"22119",0.000942867336017532
"22031",0.000732896038696911
"22069",0.000773814129846011
"22071",0.000739423556652893
"22019",0.000982050302798843
"22029",0.00126403074122763
"23017",0.00107732406602954
"45013",0.000660952739192348
"45079",0.000692828856686528
"45039",0.00115222690006647
"45045",0.000721889219590417
"45057",0.000779997400008667
"45035",0.000555910018382934
"45041",0.00120599386170789
"45077",0.000693386224189504
"46051",0.00153867673800532
"46053",0.00286669851887243
"46099",0.000699619449420694
"46081",0.00105973781301515
"46029",0.00121315920930564
"46107",0.00259179265658747
"46103",0.000713737182093328
"23019",0.000955367849565802
"23001",0.000808535157339083
"23029",0.00152424502238735
"23005",0.000821054576181891
"23031",0.000714579377043403
"23011",0.00085418839782182
"23009",0.00117213970440102
"24047",0.000251134936733314
"24510",0.000367796766015579
"24039",0.000233199891173384
"24041",0.000215244706325504
"24025",0.000154625686894878
"24001",0.000139967807404297
"24027",0.000185037085822709
"24033",0.000179383054354166
"24003",0.000185549866526629
"24005",0.00021738657855264
"24021",0.0001988688340718
"24009",0.000240408256930861
"24023",0.000239439028561656
"24029",0.00040950040950041
"24031",0.000142784586930898
"24013",0.000214670331963816
"24035",0.000221631205673759
"24037",0.000258259862855107
"24017",0.000275986652281908
"24043",0.000206516597938831
"24045",5.85143213801578e-05
"24015",0.000292534519073251
"24011",0.000151290508033526
"25025",0.000962836035425336
"25001",0.0013161839097688
"25007",0.00155961182994455
"25017",0.000730865382092674
"25003",0.0010203678070002
"25005",0.000933984746104089
"25013",0.000927606113650985
"25023",0.000904322311339154
"25009",0.000844736855537237
"25011",0.00100599345395809
"25021",0.000719550794718155
"25027",0.000830532559301237
"25015",0.00076382333946048
"25019",0.00161174785100287
"23015",0.00116955644571796
"26115",0.000594415168940806
"26005",0.000723246342870427
"26125",0.000672685996081983
"26059",0.000568219070306183
"26121",0.000634748437653277
"26089",0.00106225752817292
"26087",0.00063608896158477
"26035",0.00120713842941503
"26151",0.00108972030512169
"26073",0.000707333635129018
"26139",0.000411784001842559
"26157",0.000642248625776837
"26067",0.000622083981337481
"26111",0.000623837802171435
"26021",0.000772060493210409
"26037",0.000484761892612484
"26057",0.000537686968423111
"26063",0.00133975565408785
"26065",0.000640083692663471
"26091",0.000579380164869233
"47073",0.000759569694935613
"47103",0.0010611956137248
"47147",0.000782583949914627
"47051",0.00115038945476333
"47009",0.000631123630962002
"47021",0.000721734152957866
"47019",0.00062020449028051
"47055",0.00129759262421035
"47099",0.00126757317354229
"47113",0.00099359795134443
"47115",0.00136659892073726
"47165",0.0006378211593081
"47187",0.000492481886871143
"47003",0.000828294541538971
"47027",0.00169845832244578
"47059",0.000958828485922655
"47035",0.00094569035395839
"47157",0.000866106918816627
"47077",0.000965078457304214
"47085",0.00130187144019528
"47089",0.000689282587231506
"47141",0.000903843919067233
"47155",0.00112292413565748
"47017",0.00107580864950154
"47037",0.000728739992552597
"47145",0.000772491756947715
"47063",0.000935570386078713
"47071",0.000972195216799533
"47125",0.000519532420821261
"47043",0.000892179195140471
"47123",0.0011288641889545
"47079",0.000898277784661132
"47093",0.000665793400187376
"47107",0.000904755621736754
"47117",0.000940391324131655
"47167",0.000602144937913975
"47001",0.000854577247209477
"47031",0.00117734427357858
"47045",0.000962155227710071
"47053",0.00089380027626554
"47065",0.000856147778310369
"47105",0.000726022162781811
"47149",0.000604784446590567
"47159",0.00101317122593718
"47189",0.000673174015483002
"47163",0.000662209487424387
"26105",0.000897976100020722
"26117",0.000662324759907275
"26113",0.000665424540857067
"26149",0.000706818331251233
"26147",0.000715869058757779
"26159",0.00103505931686085
"26161",0.000572207084468665
"26015",0.000627684175751569
"26027",0.000737534693243794
"26143",0.00117395497044149
"26163",0.00096796276558514
"26023",0.000620504217130513
"26055",0.000770223798830562
"26075",0.00066819637408911
"26097",0.00176252319109462
"26049",0.000769843702114618
"26009",0.000948030681720245
"26061",0.000776268367064042
"26093",0.000500648207679417
"26069",0.00115093066634917
"26051",0.00118675580521381
"26077",0.000639403223657919
"26107",0.000786108991699614
"26103",0.000764778214317848
"26133",0.00081580077286389
"26137",0.00130665577786852
"26025",0.000841951539355646
"26031",0.00125895035014557
"26081",0.000530765088617712
"26099",0.000682503662424956
"26145",0.000776765838985304
"26155",0.000599941469124963
"26017",0.000874125874125874
"26029",0.00137467542385826
"26045",0.000575573746528285
"26047",0.00120831319478009
"27071",0.00175789053136237
"27093",0.000995455529106254
"27097",0.00108879748366804
"27131",0.000604366548311551
"27147",0.000626993430199275
"27001",0.00164203612479475
"27027",0.000583173092078303
"27043",0.00123179479747844
"27101",0.00180810028929605
"27045",0.00109790443457922
"27067",0.000746948017086436
"27075",0.00104166666666667
"27119",0.00072967228197075
"27135",0.00130199856780158
"27143",0.00127585280687618
"27165",0.000911410864017499
"27005",0.000852665314163065
"27053",0.000577924720489117
"27011",0.00120096076861489
"27015",0.000755076898620991
"27023",0.000752949050447586
"27021",0.00133251332513325
"27049",0.000843316178696536
"27057",0.0011894000666064
"27059",0.000583312198833376
"27063",0.00100462125778581
"27099",0.00082899992463637
"27105",0.00119628232262814
"27115",0.00106080826746056
"27109",0.000568442403219451
"47013",0.000904590798301379
"48373",0.000715556191605504
"48467",0.000653321960691795
"48473",0.000501620620466121
"48493",0.000447399995932727
"48147",0.00063699800214263
"48255",0.000964940495336121
"48123",0.000589970501474926
"48313",0.000704374163555681
"48037",0.000535486703865143
"48289",0.00127721335268505
"48351",0.00114992094293517
"48403",0.000859516760576831
"01023",0.00123791102514507
"01091",0.00144920035194866
"01019",0.000887928039223256
"01047",0.00102173746455848
"48217",0.0010087141696321
"48293",0.00119571251654781
"48185",0.000786163522012579
"48251",0.000568141042508911
"48131",0.000798722044728434
"01127",0.000920293245983466
"01011",0.00078064012490242
"04009",0.000579008316664912
"04012",0.0014427932477276
"48287",0.0013483409543909
"48001",0.000605431586230756
"48239",0.00128239740820734
"48015",0.000772745598709851
"48057",0.000738416097470925
"48449",0.00079656862745098
"48291",0.000692934457957994
"48395",0.00117716303708064
"48163",0.000754868904433597
"05063",0.000828279049883774
"05083",0.000969171127930589
"05033",0.000525988619518959
"05031",0.0006521030322791
"06103",0.000657153586180999
"28013",0.00131043520242775
"28119",0.00125226102685404
"28121",0.000713925476659877
"28039",0.000585357695363131
"28101",0.000795880149812734
"28139",0.000999182487056045
"28025",0.00132382892057026
"49045",0.000370936391827529
"49039",0.000603015075376884
"49047",0.000304844252300188
"49011",0.000240046042566237
"51095",0.000413796785733355
"51167",0.000700047898014075
"51620",0.00135019025408126
"51173",0.000975070692625215
"51089",0.00109144772744991
"51105",0.00116919993318858
"51147",0.00091683038637852
"51011",0.000763990577449545
"51043",0.000624003328017749
"51127",0.000783915890436226
"51049",0.00101791530944625
"51051",0.00108430468961778
"51075",0.000830964356002624
"51083",0.000926140310257004
"51025",0.000968523002421308
"51033",0.000724136796023831
"51073",0.000725377464940089
"51141",0.000788821275636691
"51163",0.00106335844040762
"06021",0.000607663711752931
"29201",0.000828307405585898
"29209",0.000854024988138542
"29051",0.000599559454140219
"51750",0.000508733254197049
"51840",0.000931999856615407
"51071",0.00143095635583115
"51135",0.00103673945441586
"51197",0.00104007765913188
"51570",0.00109019967867799
"51023",0.000869747773145788
"51029",0.000996541415088809
"51520",0.00183301797540208
"51193",0.000901357669990423
"51139",0.00067260803766605
"51155",0.000789889415481833
"51187",0.000759647523549073
"51017",0.00139308103087996
"51670",0.0010242251514072
"51057",0.00100018185124568
"51143",0.000701972051717383
"51183",0.00123055286982509
"51820",0.00112917795844625
"51683",0.000922912517608199
"51775",0.00102697791997472
"53037",0.000740789158332789
"12007",0.00106160998645532
"12051",0.00108023175881371
"12047",0.00139606310205221
"12049",0.000884596955512145
"12027",0.000650353629786196
"12029",0.000904213635541624
"12003",0.000815284817978803
"12079",0.000975081256771398
"53045",0.000611246943765281
"53065",0.000515059903706192
"53049",0.00110660272962007
"53055",0.00101262806766738
"53075",0.000385935690926449
"53009",0.000530560271646859
"53015",0.000655565753245051
"53017",0.000404540370749352
"53021",0.000630373115673467
"53025",0.000743439927959624
"54009",0.000845986018967897
"54049",0.000780764794605625
"54057",0.000699377921743291
"54039",0.000611090195821671
"54033",0.000824645108087412
"54005",0.000983547925608011
"13187",0.000524658971668416
"13211",0.00118873939590425
"13111",0.00078755660563103
"13291",0.000858811405015459
"13293",0.00102912029272755
"13229",0.000779220779220779
"13267",0.00106374596170515
"13295",0.000666290067932618
"13145",0.000820993989151151
"13093",0.00087361677344205
"13103",0.000545661987201746
"13195",0.000821411458689849
"13253",0.0014421343588511
"13277",0.00180064625934239
"13269",0.00098570724494825
"13273",0.00160238067986723
"13279",0.0011864155420436
"13319",0.00166481687014428
"13315",0.00101994560290118
"13031",0.000893326326852338
"13143",0.00106066308550313
"13169",0.00045487945694391
"13213",0.000931426845232101
"13281",0.00120513041232676
"13155",0.000858369098712446
"13001",0.000921908893709328
"13025",0.000853060354020047
"13017",0.00111548171197088
"13033",0.00119893428063943
"13047",0.000584707646176912
"13055",0.00112848621634693
"13137",0.000963563841706628
"13147",0.000659605012998099
"13191",0.000987724001693241
"13207",0.00106731441610541
"13035",0.00087173100871731
"13039",0.000732655783284176
"13099",0.00193948797517455
"13011",0.00053453068206115
"13077",0.000572385871841407
"13083",0.00148175588071865
"13297",0.00065615362743597
"13027",0.000833867864015394
"13091",0.000864179749387873
"13075",0.00110613029050474
"32001",0.000453439960427058
"32023",0.000811176205497972
"33019",0.000649591685226429
"35015",0.000710178064158526
"35005",0.000521920668058455
"36041",0.0026578073089701
"36049",0.000715038386271263
"17105",0.000971143174250832
"18139",0.000841295595216634
"37077",0.000758495145631068
"37093",0.000630131400930371
"37181",0.00137143371029025
"37017",0.000778280001197354
"37111",0.000619099210648506
"37145",0.00101664760452408
"37109",0.000651237955112821
"37153",0.00124452741293864
"37161",0.000660670580639349
"37197",0.000744641242487102
"18027",0.000634057971014493
"19061",0.000721783423728114
"37059",0.000638947393331282
"37105",0.000876308262098841
"37165",0.00111187136503592
"39159",0.000423228172888709
"39021",0.000489123439310078
"39131",0.000964285714285714
"39015",0.000757367116496833
"19183",0.00081447963800905
"19139",0.0007227960549325
"19193",0.000633614723256585
"39071",0.000767156406918356
"39081",0.000617739675460668
"39137",0.00050131225855917
"39013",0.000749735387510291
"39047",0.000873515024458421
"39171",0.000760538896132116
"39011",0.000568566992499289
"39065",0.000668257756563246
"39079",0.00104776579352851
"39077",0.00065136529594268
"39103",0.000460725924261153
"39147",0.000686527795342451
"39031",0.000546672133388001
"20087",0.000688194812069878
"21043",0.000957325380168637
"21141",0.000743439149505613
"40065",0.000558592347284842
"40013",0.000559657317519427
"41061",0.000835326726658313
"41031",0.000804846020248231
"41035",0.000806921594118438
"41013",0.000651862152883404
"41055",0.00365408038976857
"41065",0.000765403750478377
"21095",0.00089891007153826
"21045",0.00125904941768964
"21203",0.000653983353151011
"21013",0.00074651935351424
"41015",0.000971302428256071
"45071",0.00107346703670734
"45027",0.00108961333451129
"45067",0.000926280822792896
"45021",0.000966693031022058
"45061",0.000806219406852865
"21147",0.000858860578299456
"21049",0.000834005170832059
"22099",0.000911933298593017
"22115",0.000543850461265762
"22003",0.000741666016082442
"22065",0.000707588890854414
"22053",0.00101777933271842
"22011",0.000701886996193613
"22117",0.000947561106923657
"22097",0.00114221132111768
"22105",0.000817828664894705
"22001",0.00096066093472309
"22101",0.000824046460524251
"22111",0.000849997763163781
"22039",0.00089314954300515
"22045",0.000890286143530819
"22087",0.000799723338953011
"22091",0.000971156647567253
"22121",0.000881192291483085
"22047",0.000974955822314301
"22063",0.000669411493723367
"22109",0.000776411373087975
"22009",0.00110649388969485
"22077",0.00113553779069767
"22113",0.000701578551741418
"22057",0.000611570921841236
"45033",0.00114047378539542
"45081",0.000443284243707826
"45049",0.00138008587200981
"45059",0.000987344044520241
"23027",0.000961076405574243
"23003",0.00126826822398207
"23013",0.00118212228677784
"23007",0.00156760723100527
"23025",0.00140538400633413
"26007",0.00091164095371669
"26129",0.00105273231888219
"26165",0.000811883569882127
"47047",0.000672243800418285
"47181",0.00113820164140658
"47011",0.000822702815156644
"47029",0.00104072907290729
"47131",0.000823316318129425
"47069",0.00090398144872853
"26141",0.0017303759635048
"26041",0.000943762837950369
"47183",0.00071620411817368
"47005",0.000743494423791822
"47007",0.000471825289835535
"47015",0.000564254478769925
"47083",0.000734933855952964
"48391",0.000839748075577327
"48487",0.000389620509623627
"48501",0.000463445718920171
"48387",0.00032865006983814
"48399",0.000973046608932568
"48407",0.000461320085166785
"48435",0.00156903765690377
"48219",0.000390218522372529
"48315",0.00079864230807627
"48323",0.000481314676659676
"48297",0.000659032869264355
"48059",0.000866050808314088
"48067",0.000598822316111647
"48165",0.000482951801410219
"48237",0.000564844103027564
"48153",0.000516973978976391
"48017",0.000422535211267606
"48023",0.00111825552138664
"48283",0.000943905070118662
"48457",0.000464727205130588
"48483",0.00187336080929187
"48009",0.00057365764111978
"48425",0.000677200902934537
"48105",0.00114810562571757
"48333",0.000818163223563101
"48365",0.000514425344021949
"48389",0.000451846114123419
"01099",0.000893276915843912
"01079",0.000816746324641539
"01093",0.000904038036563316
"01107",0.000642197302771328
"01119",0.00125029303743065
"01059",0.000953410029873514
"01113",0.000655715074544451
"01041",0.000505634209765964
"01085",0.000992161920825479
"01087",0.000694889886679495
"01133",0.000967036663303061
"01129",0.000665014207121698
"01027",0.000599835045362525
"01031",0.00069683713367659
"27121",0.00054308472121651
"27149",0.000817243845132291
"27033",0.00115054429595539
"27039",0.000483816343316077
"27117",0.00108802089000109
"27107",0.000920245398773006
"27103",0.000294516110031219
"27069",0.00139178844815588
"27087",0.000727140519905472
"27073",0.000446495014139009
"27161",0.00048025613660619
"27081",0.00211379249603664
"27089",0.00106700810926163
"27065",0.000372925601342532
"48063",0.000621214474297251
"48195",0.000543478260869565
"48077",0.000384504469864462
"48369",0.000823214653220827
"48377",0.000716845878136201
"48109",0.0013550135501355
"48005",0.000377911637388058
"48143",0.000573600057360006
"48083",0.000719942404607631
"48229",0.000906002265005663
"48475",0.000257334019557386
"48267",0.00205808369540361
"48233",0.00079647676161919
"48429",0.000854335753951303
"48495",0.000889792805389602
"48003",0.000221778664892437
"48503",0.000499001996007984
"48505",0.000908836689038031
"48223",0.000575563229731952
"48357",0.00069094857368473
"48275",0.00107962213225371
"48095",0.00183710961420698
"48119",0.000762049914269385
"48133",0.00120396212991846
"48253",0.000501429072857644
"48111",0.000821467688937568
"48127",0.00124544931979306
"48069",0.000651635605369477
"48273",0.000419706850907213
"48489",0.000509542338336113
"48107",0.000685400959561343
"48051",0.0011075423634954
"01065",0.00074279154568168
"01053",0.000863534554874922
"01075",0.000936262153402953
"01111",0.000927275135779573
"01013",0.00121040952188824
"01105",0.000645647261379533
"01029",0.000737463126843658
"01035",0.00129094723253187
"01063",0.0012013455069678
"01005",0.00106462678916447
"01007",0.000622415862712844
"01025",0.000911803713527851
"01057",0.000606281071904935
"01009",0.000554775402645585
"01067",0.000466935154380435
"01061",0.000908505886361055
"01131",0.00112349030989608
"01037",0.000650739053639491
"04023",0.000430292598967298
"04001",0.000629273818014012
"04011",0.000630119722747322
"05021",0.00073880045671301
"05039",0.00178595960983652
"05043",0.000597274257479503
"05121",0.000791183950268437
"05141",0.000841245042663141
"05065",0.000663227708179808
"48279",0.000914425055246514
"48307",0.000620578379049274
"48319",0.000955566172957477
"48331",0.000524828421477594
"48093",0.000591322344593096
"48145",0.000694766095414544
"48047",0.000420109228399384
"48379",0.000424953255141934
"48411",0.00100150225338007
"48507",0.000581443641498463
"48065",0.000665668164420037
"48161",0.000659429846809374
"48175",0.000528750826173166
"48197",0.00126742712294043
"48335",0.000938636630294497
"48285",0.00089905599120923
"48445",0.000478927203065134
"48401",0.000446470095805041
"48455",0.000341997264021888
"48499",0.00058603435062886
"48019",0.000495160927301373
"48007",0.000449677050118551
"48075",0.000551495932717496
"48079",0.00103914097679252
"48211",0.00100150225338007
"48225",0.000566350091487322
"48405",0.00132754042964036
"48417",0.00121359223300971
"48461",0.000819896146488112
"48025",0.000429302995921622
"48103",0.000624739691795085
"50013",0.00142409569923099
"05079",0.000520252694165738
"05053",0.000606863069623745
"05045",0.000493431696110788
"05109",0.00102268501301599
"05097",0.000335195530726257
"05127",0.00038550501156515
"05129",0.000505816894284269
"05059",0.000476232996993779
"05071",0.000455028060063704
"05087",0.000678551600764913
"05049",0.000408797318289592
"05061",0.000676132521974307
"05115",0.000533241323065824
"05147",0.000918414204806368
"05023",0.000756972111553785
"05025",0.000861220472440945
"05057",0.000778317003937368
"05135",0.000700157535445475
"05137",0.00032064128256513
"05003",0.000592007893438579
"05073",0.000441176470588235
"05105",0.000579430226943506
"05107",0.000752445447705041
"05133",0.000585445816989638
"05149",0.000745434215430488
"05013",0.000770416024653313
"05011",0.000643737355159095
"05075",0.000906399178198078
"05095",0.000567375886524823
"05113",0.000547427092664477
"05101",0.000768049155145929
"05001",0.000893156190688847
"05085",0.000441208912420031
"05145",0.000647520377847185
"06049",0.00101044122600202
"06027",0.00094565277855037
"06035",0.000648971380362126
"06051",0.000978336827393431
"28037",0.000775895512737618
"28061",0.000969403211148137
"28147",0.000759825930786765
"28115",0.000885571509899424
"28005",0.000563970351272962
"28141",0.00108019134818168
"28153",0.000932606881657095
"28041",0.00102601685599121
"28109",0.000525181549828863
"28079",0.00057037557037557
"28103",0.000934579439252336
"28077",0.000791577614185071
"28111",0.00058304181242712
"28161",0.00137462602086197
"28017",0.00110510091316233
"28015",0.000297914597815293
"28063",0.00055363321799308
"28145",0.000806819377696706
"28117",0.000791922391605623
"28125",0.000908265213442325
"28019",0.000604083605170956
"28143",0.00190228273928714
"28157",0.000901408450704225
"28021",0.000330069314556057
"28065",0.000881911985183879
"28123",0.00137653536637018
"28127",0.000929782802737281
"28007",0.000433910072137549
"28135",0.000776945896313039
"28009",0.000607385811467444
"28129",0.000562183771628459
"28131",0.000711315386298971
"28023",0.000697526949904883
"28069",0.000402293070501861
"28097",0.000794596742153357
"28155",0.00122850122850123
"28053",0.00119203719156038
"50009",0.000483870967741935
"49027",0.00132254551112494
"49025",0.00160342063067878
"49019",0.00103734439834025
"49033",0.00125575554625366
"49051",0.000346915604894664
"49001",0.00184133803897499
"49003",0.00042635227820413
"49021",0.000449104719504813
"49041",0.00075187969924812
"49013",0.000843756204089736
"49037",0.000914913083257091
"49055",0.00111565637783563
"49007",0.000689383494189482
"49015",0.00148265296036374
"49029",0.000257201646090535
"49017",0.00260104041616647
"49023",0.00044243872223697
"51099",0.000495634602920432
"51101",0.000539309683604986
"51103",0.00121223424095487
"51115",0.000568957669549385
"51119",0.00103044496487119
"51149",0.000314844938867608
"51159",0.000337685727149932
"51169",0.001187106200347
"51181",0.000459911083857121
"51097",0.000568020448736154
"51113",0.000835231586940015
"51175",0.000782997762863535
"51091",0.00136116152450091
"51131",0.00100967606226336
"51720",0.00100755667506297
"06105",0.00133858267716535
"06011",0.000839004381467325
"06063",0.00117899249732047
"06109",0.00061060227588121
"08009",0.0008424599831508
"08063",0.00134282261313281
"08023",0.00106809078771696
"08065",0.00103212488711134
"08011",0.000518403317781234
"08073",0.00107430617726052
"29129",0.000823271130625686
"29123",0.000492651284998768
"29229",0.000878975992968192
"29217",0.000582665695557174
"29065",0.000514634930845931
"29195",0.000957520891364902
"29147",0.000357797754819089
"29041",0.00106908993719097
"29079",0.000300240192153723
"29141",0.000937299590548074
"29223",0.000909435392194013
"29011",0.000762905823514453
"29039",0.000783308409883928
"29073",0.00101964516348311
"29093",0.00118063754427391
"29117",0.00033055665741108
"29121",0.000986907033357458
"29135",0.000685529103826499
"29159",0.000708298902136702
"29186",0.00056028686687584
"29203",0.00109529025191676
"29175",0.000522550044215773
"29067",0.00045092439500977
"29083",0.000966183574879227
"29089",0.00039769337840525
"29109",0.000654381740131923
"29131",0.000952343160985675
"29169",0.000495946590367191
"29215",0.000663958756444306
"29025",0.000995685363425158
"29037",0.000482639458671583
"29053",0.000566251415628539
"29059",0.000661972678582175
"29075",0.00120918984280532
"29085",0.0012760527435134
"29137",0.000811217985861629
"29153",0.000434452047355273
"29163",0.000541858574911948
"29017",0.00032719836400818
"51065",0.000225614800330902
"51007",0.000463213155253609
"51063",0.000636780438104941
"51077",0.000571718968364884
"51157",0.000542152344808891
"51036",0.000427715996578272
"51053",0.000631911532385466
"51079",0.000358624929555817
"51111",0.000814199641752158
"51595",0.00349136346931275
"51021",0.000626174076393237
"51195",0.000883438133347191
"51580",0.000893176134333691
"51005",0.000593785049811968
"51035",0.000805342102614006
"51640",0.00184133803897499
"51191",0.000887721699247286
"51133",0.000820344544708778
"51009",0.000723839496459481
"51027",0.000917936478795667
"51690",0.000855897914721444
"51530",0.000616903146206046
"51685",0.000294360061226893
"51037",0.000830564784053156
"51081",0.000780911062906725
"08109",0.00136529126213592
"08099",0.000831808351355848
"12133",0.000524955580681635
"12067",0.000463123769827486
"12043",0.000221959159514649
"12077",0.000718993409227082
"12065",0.000988630746416213
"12041",0.000612710967526319
"12125",0.000392079984316801
"29205",0.000665225345085648
"29225",0.000439787867028845
"29005",0.00114744693057946
"29013",0.000736377025036819
"29015",0.000889726278327315
"29035",0.00130144786074508
"29057",0.000923726576933228
"29115",0.00057789152150582
"29125",0.000567988185845734
"29003",0.000457064503228018
"29023",0.000797074268567142
"29033",0.000797175720305204
"29061",0.000964436407474382
"29087",0.000676895306859206
"29127",0.00101370246085011
"29139",0.000870549316618787
"29151",0.000881380829966948
"29181",0.000737082626962482
"29207",0.000714844946727031
"29219",0.000464400777871303
"29221",0.000563153660498793
"29007",0.000506941194821401
"29043",0.000537019309346471
"29063",0.000399169726967907
"29081",0.000824402308326463
"29185",0.000853788687299893
"29001",0.000551854625724309
"29197",0.000878155872667398
"29211",0.00112053785817192
"29029",0.000835789381075969
"29045",0.000885086295913852
"29111",0.00060271220492215
"29143",0.000683371298405467
"29157",0.000625293106143505
"29167",0.000377976565452942
"29173",0.000683994528043776
"29177",0.000437158469945355
"30017",0.000682070082700998
"30041",0.000486736432221952
"30015",0.00122121423586881
"30085",0.000984340044742729
"30005",0.00133948504241703
"30097",0.000817438692098093
"30083",0.000625055808554335
"30099",0.000657246138678935
"30035",0.000801048645499563
"30025",0.00102704553235193
"30093",0.000632729364394593
"30095",0.00063384745404606
"30023",0.000439270810454645
"30043",0.000335654946714777
"30039",0.000906070673512534
"30057",0.000722717417489762
"30087",0.000983391608391608
"30091",0.000861326442721792
"30021",0.000554508151269824
"30003",0.00112049002763875
"30047",0.000599740112617866
"53001",0.0010717566602021
"53043",0.000945715906941555
"53031",0.000703212402109637
"53051",0.000971817298347911
"53059",0.000595592614651578
"53019",0.00171549221430457
"53039",0.000690575940334239
"53069",0.0007029053420806
"54023",0.00111914600550964
"54027",0.00047192071731949
"54089",0.000700498132004981
"54025",0.000853363675152894
"54031",0.000362187613183629
"54041",0.000680440430533218
"54051",0.00051105148843746
"54067",0.000797511763298509
"54075",0.00142011834319527
"54093",0.000716127184187912
"54095",0.000567472477584837
"54083",0.0005876253024542
"54087",0.000641940085592011
"54091",0.000296489563567362
"54015",0.000459294982202319
"54021",0.000870538490237533
"54053",0.000633855331841909
"54063",0.000373106484590702
"54073",0.000400962309542903
"54103",0.00090697071780254
"54045",0.000814381371780177
"54071",0.000999857163262391
"54077",0.000831279874120476
"54085",0.000304754164973588
"54013",0.000411240575736806
"54065",0.000508216161273928
"54043",0.000479616306954436
"54007",0.000563777307963354
"54001",0.000721457343834546
"54047",0.00123251701409356
"54109",0.000845824914242752
"54035",0.000622686546511226
"13201",0.000518403317781234
"13149",0.000511247443762781
"13219",0.000419595090737438
"13183",0.000320992938155361
"13311",0.000678218996914104
"13231",0.000491078736290719
"13251",0.00114375580813496
"13019",0.000835421888053467
"13049",0.000460122699386503
"13065",0.000598265031408914
"13131",0.000845819236346061
"13161",0.000665070497472732
"13141",0.000939518496770405
"13037",0.000471327572663001
"13197",0.000592979127134725
"13249",0.000574602566558131
"13321",0.0005855372304089
"13023",0.000624658389943
"13171",0.000428449014567267
"13239",0.00218435998252512
"13159",0.00035929864903708
"13167",0.000515942627179858
"13173",0.000578034682080925
"13289",0.000850650139749666
"13209",0.000772797527047913
"13221",0.000200924251557163
"13243",0.0010038720780152
"13309",0.000630676084762866
"30073",0.001001001001001
"30105",0.000803105340650515
"30027",0.00115854201942786
"30061",0.0011761938367443
"30089",0.00154096395856519
"30009",0.00103802963102765
"30001",0.00106213489113117
"30071",0.000735835172921266
"31185",0.000436522371771553
"31037",0.000840022400597349
"31087",0.00106571936056838
"31141",0.000723458129860734
"31143",0.000574162679425837
"31169",0.00158196559224837
"31013",0.000911577028258888
"31017",0.00199004975124378
"31161",0.00172051233033837
"31011",0.00151543853002463
"31129",0.000942507068803016
"31147",0.000502449441024997
"31093",0.000779180302321957
"31089",0.00147391176181586
"31065",0.00147461554666105
"31173",0.000696281854894861
"31177",0.00044202151171357
"31031",0.00173040318394186
"31053",0.000818219009954998
"31059",0.00180277627546421
"31123",0.00146412884333821
"31127",0.0010038720780152
"31159",0.000698852716789937
"31043",0.000644425717543251
"31181",0.00113090189426067
"31003",0.00189244598643747
"31023",0.000498194046581143
"31035",0.00112848621634693
"31041",0.00166266395714022
"31081",0.00032555615843733
"31095",0.00041993281075028
"31101",0.00123946455131383
"31137",0.000769230769230769
"31155",0.000944956295771321
"31157",0.000498974330542773
"31179",0.000321474496356622
"31105",0.000825763831544178
"31107",0.00178020413007358
"31121",0.000897666068222621
"54097",0.000653007917721002
"54101",0.000715478177915574
"54019",0.000849091242885992
"55019",0.000665143584256341
"55083",0.000770334165648409
"55069",0.00100922722029988
"55135",0.000663479363840375
"55047",0.000746467608637697
"55099",0.00111806797853309
"55077",0.000784108729743858
"55075",0.00103983560694214
"55041",0.000889382990550306
"55045",0.000677580225498699
"55107",0.000707613925842061
"55115",0.000635634656757285
"55067",0.000940144155437167
"55123",0.000489668005092547
"55011",0.000685662044796587
"55061",0.000637661254721146
"55063",0.000415627597672485
"55035",0.000589292269644686
"55073",0.000613016632692251
"55085",0.000960967751052825
"55121",0.000915285263907251
"55129",0.000828658847526772
"55125",0.00142522182888143
"55023",0.000985525100092393
"55057",0.000906412871062769
"55071",0.000618804066426722
"55013",0.000915691019687357
"55017",0.000626056470293621
"55053",0.000974563882662509
"55049",0.000762130578372428
"55091",0.000688231245698555
"55103",0.000859155736296466
"55119",0.00044280442804428
"55001",0.000497660993331343
"55007",0.0010671646768492
"55065",0.000658091534549806
"55081",0.000633588953704311
"55141",0.000588138746033483
"55003",0.0012166229109304
"55015",0.00038054798910431
"56023",0.000778250492891979
"13163",0.00134460238186708
"13181",0.000509164969450102
"13283",0.00147167034584253
"13287",0.00188845524361073
"13003",0.00109236557834689
"13005",0.00116061065976252
"13053",0.000284090909090909
"13301",0.00056635831602794
"13079",0.000486815415821501
"13317",0.00111743193823649
"13165",0.000454907312635051
"13177",0.000508440105755542
"16071",0.000684150513112885
"16031",0.000970873786407767
"16045",0.000346200450060585
"16085",0.00121393220655523
"16003",0.000976324139614352
"16041",0.000668449197860963
"31139",0.000559910414333707
"31021",0.000921658986175115
"31039",0.00134048257372654
"31051",0.000524567232033572
"31079",0.000620256263772137
"31131",0.000815098125274312
"31027",0.00141209696399153
"31045",0.000681044267877412
"31097",0.000581282697151715
"31033",0.000728862973760933
"31071",0.00199900049975012
"31125",0.00141083521444695
"31167",0.000671478932348498
"32015",0.000708842814105972
"32027",0.00090702947845805
"32013",0.00101022106013787
"32021",0.000896860986547085
"32033",0.000826531666494473
"32017",0.00154440154440154
"35023",0.000698161508028857
"35029",0.000456753726695179
"35009",0.000522802219898657
"35007",0.00156147271531887
"35033",0.000881834215167548
"35037",0.000960845544078789
"56003",0.000841609156707625
"56011",0.000936830835117773
"56035",0.000809716599190283
"56045",0.00113491275358207
"56031",0.000815660685154976
"16069",0.000522167242708307
"16053",0.000463548251158871
"16067",0.000434677614102874
"16073",0.000519390581717452
"16015",0.000677690431011114
"16029",0.00100675967208399
"16047",0.000462107208872458
"16007",0.000833333333333333
"16011",0.000479940661881804
"16035",0.000807102502017756
"16051",0.000280367281138291
"16059",0.00140180960876768
"16075",0.000773860705073087
"16009",0.000656598818122127
"16037",0.00311825377788438
"16039",0.000448715551733164
"16043",0.000460829493087558
"16065",0.00020460358056266
"16079",0.00126893488777857
"16049",0.00103589056120895
"16081",0.000612637843514791
"16087",0.000795465844685294
"17067",0.00105655341155536
"17131",0.000705625761755084
"17129",0.000325044693645376
"17157",0.000650255457501161
"17193",0.000937409864436112
"17203",0.000490956072351421
"17071",0.000734322220590395
"17139",0.000478109418755549
"17145",0.00051762270010823
"17149",0.0010847371107708
"17173",0.000828081151952891
"17035",0.000369139904023625
"17053",0.000602863602110023
"17123",0.000856237691583183
"17125",0.000954408633727333
"17075",0.000683158348914138
"17025",0.000602092270640476
"17059",0.000592417061611374
"17133",0.000497541559353781
"17181",0.000707213578500707
"35027",0.000668002672010688
"35025",0.000554946853166754
"35059",0.000725864989112025
"35051",0.00072522890037168
"35053",0.000533871159093605
"35041",0.000423549343498518
"35047",0.000684980892638258
"35061",0.000381443434569298
"35057",0.0007088085572524
"35035",0.000393123365136006
"35006",0.000594994607861366
"35019",0.00137835975189524
"35003",0.00141803743618832
"37079",0.000665620691294632
"37121",0.000266595574513463
"37041",0.000496559551677662
"17147",0.000670690811535882
"17153",0.000907441016333938
"17169",0.000575291241190853
"17175",0.0005507618872774
"17045",0.000746825989544436
"17005",0.000421966363252758
"17015",0.000829531314807134
"17083",0.00050143593016365
"17039",0.000502134069796636
"17051",0.000602828657546951
"17103",0.000668818517549216
"17107",0.000379271109885184
"17117",0.000747860897872996
"17189",0.000995874235310855
"17135",0.00107534341612321
"17001",0.000559884996595294
"17027",0.000690864643673274
"17047",0.000774593338497289
"17079",0.000416927246195539
"17023",0.000445405955713922
"17041",0.000815369719207053
"17057",0.000683916562179414
"17061",0.00106609808102345
"17065",0.00036692759295499
"17069",0.000761614623000762
"17073",0.000730712241459801
"17087",0.00048023051064511
"17127",0.000351642168928898
"17171",0.000599400599400599
"17017",0.00104058272632674
"17187",0.000758194331039309
"18169",0.000669024180445379
"18101",0.000685468076772425
"18153",0.000675349734684033
"18159",0.000395726157499011
"18107",0.000914148405463996
"18041",0.000517375183237044
"18021",0.000762369444232675
"37005",0.00090843023255814
"37027",0.000720531483562112
"37095",0.00115096873201611
"37039",0.00064356966641639
"37003",0.000268723295622498
"37015",0.000773993808049536
"37073",0.000432975406996883
"37075",0.000705135738629686
"37117",0.000700249463871504
"37115",0.000511651704730453
"37137",0.000629871663648532
"37143",0.000521221146686523
"37149",0.000389161842681325
"37169",0.000589764312706145
"37187",0.000671028350947827
"37029",0.000473888730925979
"37043",0.00027407272062854
"37099",0.000512366668219293
"37139",0.000759224578630359
"37167",0.000730661817237124
"37173",0.000841514726507714
"37199",0.000563063063063063
"37007",0.000682676090273874
"37009",0.000632840710270632
"37123",0.000770585645090269
"18119",0.000575953923686105
"18121",0.00047208780833235
"18161",0.000421762969211303
"18123",0.000471154852894985
"18125",0.000727096461463887
"18131",0.000477745043395175
"18129",0.00054773082942097
"18171",0.000607017117882724
"18165",0.000836604672115323
"18111",0.000643224699828473
"18155",0.000748713149274684
"18015",0.000747235229650294
"18149",0.000522830254444057
"18025",0.000567697984672154
"19011",0.000663129973474801
"19023",0.000957068635493574
"19071",0.00115174200978981
"19079",0.000733480029339201
"19151",0.00102986611740474
"19173",0.000648613588454678
"19175",0.000647353940767114
"19177",0.00153846153846154
"19195",0.000537273337810611
"19159",0.000604351329572925
"19001",0.000988002822865208
"19009",0.00071800394902172
"19037",0.000748378513221354
"19039",0.000427350427350427
"19051",0.000896860986547085
"19093",0.000724532676423707
"19107",0.000687082842559874
"19135",0.000512360701934162
"19171",0.00088069516204791
"19179",0.000711419709171623
"19167",0.000775260573692825
"19069",0.00098405825624877
"19025",0.00061576354679803
"19027",0.000986144667422711
"19031",0.000812699788698055
"19067",0.00069681996705942
"19073",0.000893854748603352
"19083",0.00123087743977493
"19115",0.000805152979066023
"19117",0.000582546895025049
"19119",0.000934103260869565
"37177",0.00122100122100122
"38103",0.00201207243460765
"38097",0.00212287712287712
"38021",0.00182260024301337
"38049",0.00119088125212657
"38067",0.00115157621995106
"38059",0.000647920176234288
"38025",0.00068259385665529
"38063",0.00241879751209399
"38077",0.000553709856035437
"38079",0.00103369857349597
"38099",0.00093014603292717
"38009",0.000768994155644417
"38053",0.000224988750562472
"38057",0.00118175372252423
"38055",0.00114774624373957
"38073",0.000752728641324802
"38075",0.00122850122850123
"38085",0.000686027898467871
"38093",0.000429286906749344
"39105",0.000693300979287633
"39125",0.000797490563028337
"39115",0.000478142076502732
"39175",0.000545454545454545
"19189",0.00123409910765141
"19147",0.00111074086415639
"19165",0.000861623298293986
"19007",0.00104400899453903
"19087",0.000401183491299333
"19095",0.00105009574402372
"19099",0.000757350355684185
"19145",0.000523971705527902
"19191",0.000542888165038002
"19157",0.000978899282140527
"19155",0.000567494351825083
"19043",0.00102127659574468
"19015",0.000492984452028821
"19017",0.000643500643500643
"19021",0.000747831289261143
"19089",0.000541946672447431
"19063",0.000847637211273575
"19077",0.000843565470053426
"19081",0.000740603591927421
"19091",0.00115135021980322
"19121",0.000624531601299026
"19125",0.000572772217532859
"19197",0.00109898736164534
"19029",0.00114582537621267
"19035",0.000969761086132416
"19047",0.000704473406128919
"19057",0.000710912506982176
"19065",0.000959450588294703
"19085",0.000993683015118177
"19109",0.00100146882093737
"19129",0.000731674870294
"19133",0.000916380297823597
"19143",0.000495703899537343
"19075",0.0010569965037808
"19097",0.000773156022885418
"19111",0.000730417506646799
"19131",0.0010369532428356
"19137",0.000895255147717099
"19181",0.000579119737998243
"19161",0.0013262599469496
"19123",0.00072189135535102
"19149",0.000558480931865326
"19019",0.000662941566436216
"19041",0.000740238109925359
"19045",0.000682171864674156
"19053",0.000501315954380248
"19055",0.00064016760751906
"19101",0.000385717434428036
"19185",0.000777725929382486
"19005",0.00101353797147615
"19049",0.00056257821559375
"19141",0.00122876761835923
"20181",0.00050522061300101
"20119",0.000956937799043062
"20163",0.00118741341777162
"20053",0.00112341518215375
"20077",0.00125134072220236
"20001",0.000716788786237655
"20033",0.00172413793103448
"39067",0.000591677075800408
"39163",0.000687915615684476
"39019",0.000329284355334407
"39039",0.000576519916142558
"39069",0.000551308438694502
"39129",0.000536685017831793
"39161",0.000601535685219914
"39051",0.0006390078810972
"39053",0.000697952672161659
"39001",0.000720046082949309
"39121",0.000485571587125416
"39135",0.000413695763268683
"39073",0.000563578724903135
"39107",0.000562567263477155
"39075",0.000637798683401289
"39111",0.000573805766747956
"40043",0.00203169443315725
"40059",0.00132978723404255
"40061",0.000630566721841255
"40077",0.000289911093931194
"40111",0.000645177940075873
"40113",0.000402320755516029
"40139",0.000624849795722182
"40067",0.000811951932445599
"40127",0.00089863407620417
"40069",0.000542299349240781
"40121",0.000588954831694831
"20089",0.00103986135181976
"20185",0.000717531690983018
"20107",0.000827215386206183
"20189",0.000535427449580582
"20109",0.00106951871657754
"20027",0.000742390497401633
"20195",0.00140845070422535
"20197",0.000435476847147627
"20205",0.00069060773480663
"20141",0.00084985835694051
"20005",0.000676174084091468
"20201",0.00127434917167304
"20019",0.000902798675895275
"20137",0.000550863018729343
"20029",0.000783172969344372
"20043",0.000780843310775638
"20115",0.000668672684720829
"20007",0.00129757785467128
"21089",0.000675010547039797
"21069",0.000826844897677944
"21081",0.000761492525349685
"21123",0.000281610813855252
"21167",0.000463134494257132
"40129",0.00109080992637033
"40045",0.00099626400996264
"40051",0.000653701585226344
"40141",0.000809388911371914
"40149",0.00106904231625835
"40033",0.000682826903379993
"40089",0.000696631936031015
"40093",0.00117004680187207
"40007",0.000929886553840432
"40085",0.000496869720759217
"40023",0.000337678125211049
"40117",0.000426517182549354
"40001",0.000675067506750675
"40133",0.000845682989690722
"40011",0.000627877773126831
"40029",0.000895896792689482
"40053",0.00181942233340914
"40073",0.00101949789728559
"40091",0.000811153358681876
"40099",0.000501936039007601
"40105",0.000387521798101143
"40115",0.000476886882431487
"40003",0.000684111510176159
"40151",0.000442331084816986
"40107",0.000497223833595757
"40005",0.000651088765101642
"41023",0.00111281123939352
"41025",0.00151369203247557
"41049",0.000442360435282668
"21215",0.000214132762312634
"21229",0.000831739166597355
"21011",0.000485633346823149
"21007",0.000622509960159363
"21087",0.000273248929775025
"21159",0.00128777472527473
"21137",0.000735414283379637
"21149",0.000646342777119466
"21171",0.00103509927543051
"21197",0.00105656697009103
"21225",0.00088809946714032
"21233",0.0012243648607285
"21033",0.00118091639111951
"21085",0.00076199184668724
"21103",0.000817044811765445
"21109",0.000373999551200539
"21163",0.000638705556738344
"21185",0.000257704609880698
"21209",0.000237803428027878
"21003",0.000525210084033613
"21017",0.000348987934988533
"21115",0.000751082442343377
"21119",0.00104849279161206
"21165",0.00062082880645662
"21175",0.00067730282962071
"21191",0.000205874279440022
"21237",0.000971277924240322
"21051",0.000736449332285939
"21001",0.000676308396628863
"21025",0.000770594128072744
"21057",0.000597282365238166
"21083",0.000590635738831615
"21099",0.000640717603716162
"21031",0.000391726731432153
"21223",0.000350549193736854
"21061",0.000329543582138738
"21097",0.000587544065804935
"21105",0.000886917960088692
"21023",0.000602046959662854
"21143",0.000725426187885383
"21231",0.00043804146792563
"21135",0.000819855407319073
"21155",0.000675535231760549
"21239",0.000607948932289688
"21131",0.000875230963726539
"21121",0.000637653435357883
"21127",0.000574309233616234
"21133",0.000358824848620767
"21139",0.00108283703302653
"21195",0.000773148225960973
"41037",0.000765599081281102
"42057",0.000413621949538122
"42023",0.00151810887009326
"42113",0.00146699266503667
"45005",0.000997340425531915
"45037",0.000334237011178371
"45023",0.00108322243198911
"45025",0.000783409135420974
"45053",0.0011864465924556
"45001",0.000690299265034312
"21153",0.000320230566007525
"21169",0.00049820645675568
"21205",0.000612070020810381
"21039",0.000627090301003344
"21041",0.000843407365757661
"21053",0.000686745805945256
"21065",0.000421822272215973
"21077",0.000572278814238297
"22083",0.00058968058968059
"22127",0.000419199329281073
"22085",0.000625234462923596
"22093",0.000844753144358926
"22043",0.000492390331244405
"22125",0.000388903292714545
"22013",0.000737245650250664
"22023",0.00158730158730159
"22037",0.00056785917092561
"22095",0.000716895610748809
"22075",0.00068557717028023
"22123",0.000815143555837334
"22021",0.000700560448358687
"22035",0.000422773393461105
"21005",0.0006247489847829
"22081",0.000467016929363689
"22067",0.000546661460367044
"22025",0.000614376407945935
"22027",0.000750703784798248
"22041",0.000889415950192707
"22007",0.000578343268974108
"22049",0.00100762012721204
"22089",0.000720065184848313
"22107",0.00131550098662574
"22059",0.000736475629351901
"45009",0.00104340567612688
"45017",0.000818386414785515
"45065",0.000524603924037352
"45087",0.000982175336485995
"45089",0.00102158089643724
"46003",0.00144770177343467
"46123",0.00109930377427629
"46085",0.00233887733887734
"46039",0.000694766095414544
"46009",0.000721604849184587
"46015",0.00152149106124002
"46011",0.000520216178723158
"46047",0.00103749814732474
"46057",0.00132780082987552
"46071",0.00151975683890578
"46033",0.000802844362885652
"46025",0.000814111261872456
"46067",0.00109469074986316
"46077",0.00141585760517799
"46129",0.00109950522264981
"46027",0.000644837715841513
"46037",0.000911410864017499
"46043",0.00102424035506999
"46063",0.00229709035222052
"46065",0.000624716038164471
"46109",0.000874890638670166
"46083",0.000510329778622462
"46079",0.000471809389006841
"46135",0.000968437733855703
"46005",0.000926632508448708
"46019",0.00097799511002445
"46035",0.000905842685320316
"46045",0.000767459708365311
"46055",0.00198216055500496
"46117",0.00132582035134239
"46093",0.000649420933001407
"46125",0.00108433734939759
"46013",0.000642425799820121
"46023",0.00128355973900952
"46091",0.000613371498671028
"46101",0.000461041954817888
"46105",0.00103555402140145
"46121",0.000784698381559588
"46127",0.000780843310775638
"23021",0.00118793062485151
"23023",0.000705178833352138
"26033",0.000797257434425576
"26003",0.00163916511856628
"26127",0.000757116898849182
"26131",0.00136123872724179
"26001",0.000965903602820438
"26079",0.00108046630651123
"26135",0.000606207565470417
"26039",0.000503887129283041
"26043",0.000707574983293368
"47067",0.00060725671777744
"47091",0.000394299555004788
"47111",0.00054525627044711
"47057",0.000735898878836414
"47097",0.000884989803378352
"47133",0.000906289650172195
"47137",0.00118133490844654
"47169",0.000781937249535725
"47025",0.000756334299760494
"47081",0.000725426187885383
"47153",0.000472462203023758
"47161",0.000670291204289864
"47023",0.000407213496218732
"47039",0.00128358719835701
"47087",0.000513610683102209
"47109",0.000773874013310633
"47135",0.00100477267018337
"47121",0.000991407799074686
"47075",0.000624184304601941
"47173",0.000513136288998358
"47129",0.000789046182408912
"47061",0.00119904076738609
"47033",0.000763941940412529
"47041",0.000705396281553887
"47095",0.000405350628293474
"47101",0.00108090130539619
"47143",0.000825208594394694
"47151",0.000819336337566571
"47049",0.000768681710865865
"47139",0.000832639467110741
"47185",0.000858208955223881
"47171",0.000561450788838358
"26109",0.000736759989598683
"26011",0.00112806901128069
"26071",0.00107604017216643
"26019",0.000794777178541016
"26153",0.00124254473161034
"26085",0.000843739453256834
"26101",0.000940426053890502
"26119",0.00118726389638424
"26123",0.000640946119174627
"26095",0.00157778479015462
"26013",0.000475002968768555
"26053",0.000796759843303897
"27113",0.000775576394274836
"27125",0.00074719800747198
"27133",0.000425441395447777
"27029",0.000906926652306995
"27091",0.000705218617771509
"48247",0.000573504110112789
"48081",0.000908265213442325
"08095",0.000699300699300699
"08021",0.000369094488188976
"51045",0.000587084148727984
"30045",0.0015353121801433
"53003",0.000133803130993265
"31063",0.00151515151515152
"16063",0.000747663551401869
"31077",0.00125944584382872
"31175",0.000713266761768902
"56043",0.000373738632116606
"16061",0.00104220948410631
"17013",0.00062111801242236
"35028",0.000161073825503356
"38019",0.000788850907178543
"38037",0.00169995750106247
"38041",0.00117785630153121
"38029",0.00151057401812689
"38011",0.000952986022871665
"20023",0.00112570356472795
"20183",0.000827129859387924
"20135",0.00104311543810848
"40075",0.000337609723160027
"41063",0.000428326670474015
"46087",0.000540735400144196
"26083",0.00142112742775936
"19003",0
"13265",0
"20127",0
"20025",0
"20145",0
"20063",0
"20093",0
"15005",0
"16023",0
"16025",0
"06003",0
"53013",0
"72059",0
"72121",0
"72067",0
"72141",0
"72054",0
"72099",0
"72123",0
"17151",0
"17009",0
"17155",0
"08061",0
"08047",0
"08079",0
"08115",0
"08027",0
"08025",0
"08111",0
"08121",0
"08053",0
"18115",0
"48393",0
"48263",0
"48087",0
"48345",0
"48305",0
"48269",0
"12013",0
"38001",0
"38027",0
"38033",0
"38095",0
"38023",0
"38081",0
"16033",0
"16077",0
"17003",0
"20071",0
"20207",0
"20097",0
"20081",0
"20171",0
"20039",0
"21063",0
"21091",0
"46041",0
"46111",0
"46059",0
"46073",0
"02100",0
"02290",0
"02068",0
"02105",0
"02275",0
"13307",0
"13125",0
"13263",0
"13061",0
"13101",0
"08033",0
"08057",0
"40055",0
"13259",0
"13007",0
"02050",0
"02185",0
"02220",0
"02130",0
"02180",0
"02070",0
"02282",0
"02164",0
"02013",0
"02261",0
"02230",0
"02198",0
"02195",0
"02158",0
"05099",0
"20187",0
"20153",0
"20049",0
"20083",0
"24019",0
"20157",0
"20065",0
"20179",0
"20069",0
"46102",0
"54105",0
"55078",0
"20199",0
"20017",0
"20105",0
"20075",0
"20203",0
"20129",0
"20047",0
"20101",0
"20165",0
"20143",0
"21201",0
"27167",0
"27155",0
"48235",0
"48115",0
"48431",0
"48045",0
"48301",0
"48433",0
"51678",0
"21181",0
"21187",0
"21055",0
"21129",0
"21189",0
"29103",0
"30075",0
"30051",0
"30101",0
"30019",0
"30055",0
"30007",0
"31009",0
"31049",0
"31113",0
"31149",0
"31163",0
"31073",0
"31015",0
"31091",0
"31005",0
"31099",0
"31133",0
"31183",0
"32009",0
"35021",0
"72061",0
"72053",0
"72007",0
"72065",0
"72133",0
"72097",0
"72119",0
"72011",0
"72033",0
"72055",0
"72087",0
"72085",0
"72145",0
"05081",0
"06091",0
"08017",0
"02016",0
"02060",0
"02150",0
"02188",0
"35011",0
"56017",0
"72009",0
"72077",0
"72079",0
"72001",0
"72027",0
"72103",0
"72105",0
"72013",0
"72015",0
"72115",0
"72057",0
"72049",0
"72063",0
"72017",0
"72153",0
"72005",0
"72023",0
"72109",0
"72149",0
"72035",0
"72069",0
"72101",0
"72139",0
"72091",0
"72111",0
"72117",0
"72125",0
"72131",0
"38013",0
"38007",0
"38043",0
"38091",0
"38005",0
"38045",0
"38051",0
"38069",0
"38047",0
"38065",0
"38031",0
"38039",0
"38083",0
"38087",0
"72029",0
"72045",0
"72075",0
"72083",0
"72047",0
"72095",0
"72135",0
"72137",0
"72147",0
"72151",0
"72003",0
"72043",0
"72051",0
"72089",0
"72019",0
"72107",0
"72129",0
"72037",0
"72039",0
"72073",0
"72081",0
"72143",0
"72093",0
"40057",0
"40025",0
"41069",0
"41021",0
"46137",0
"46115",0
"46069",0
"46049",0
"46017",0
"46089",0
"46119",0
"46031",0
"46021",0
"46007",0
"46075",0
"46061",0
"46095",0
"46097",0
"53023",0
"54017",0
"56027",0
"48317",0
"29199",0
"30103",0
"30079",0
"30037",0
"30107",0
"30011",0
"48033",0
"48443",0
"48421",0
"48437",0
"48205",0
"48383",0
"30033",0
"30069",0
"30077",0
"30109",0
"30059",0
"30065",0
"31083",0
"31007",0
"31069",0
"31171",0
"31061",0
"31115",0
"31135",0
"31103",0
"48173",0
"48101",0
"48129",0
"48327",0
"48311",0
"48137",0
"48243",0
"48011",0
"48151",0
"48271",0
"48359",0
"48295",0
"48125",0
"31165",0
"31057",0
"31075",0
"31085",0
"31117",0
"32011",0
"32029",0
"48261",0
"48413",0
"48155",0
"48447",0
"48191",0
"48159",0
"28055",0
"49031",0
"49009",0
"29227",0
"29171",0
"51735",0
"47127",0
"47175",0
